Id;CityId;Date;Day temperature;Evening temperature
0;0;2023/3/1;-2;-4
1;0;2023/3/2;-2;-2
2;0;2023/3/3;+1;0
3;0;2023/3/4;+1;0
4;0;2023/3/5;-1;-3
5;0;2023/3/6;-1;-4
6;0;2023/3/7;+1;-3
7;0;2023/2/1;0;0
8;0;2023/2/2;0;0
9;0;2023/2/3;+2;0
10;0;2023/2/4;+1;-1
11;0;2023/2/5;-1;-3
12;0;2023/2/6;-5;-5
13;0;2023/2/7;-5;-6
14;0;2023/2/8;-3;-3
15;0;2023/2/9;0;-1
16;0;2023/2/10;0;-2
17;0;2023/2/11;-2;-2
18;0;2023/2/12;-4;-5
19;0;2023/2/13;0;+1
20;0;2023/2/14;+1;0
21;0;2023/2/15;-3;-4
22;0;2023/2/16;-4;-7
23;0;2023/2/17;-4;-8
24;0;2023/2/18;-5;-5
25;0;2023/2/19;-6;-6
26;0;2023/2/20;-7;-9
27;0;2023/2/21;-10;-13
28;0;2023/2/22;-12;-12
29;0;2023/2/23;-7;-9
30;0;2023/2/24;-4;-4
31;0;2023/2/25;+3;+2
32;0;2023/2/26;+3;-2
33;0;2023/2/27;-3;-4
34;0;2023/2/28;-3;-2
35;1;2023/3/1;-1;-3
36;1;2023/3/2;+1;+1
37;1;2023/3/3;+1;-1
38;1;2023/3/4;+1;0
39;1;2023/3/5;+1;-3
40;1;2023/3/6;-1;-4
41;1;2023/3/7;-5;-9
42;1;2023/2/1;0;+1
43;1;2023/2/2;0;-1
44;1;2023/2/3;-4;-4
45;1;2023/2/4;-1;-3
46;1;2023/2/5;-5;-5
47;1;2023/2/6;-1;-2
48;1;2023/2/7;-1;-2
49;1;2023/2/8;+1;+2
50;1;2023/2/9;+1;-1
51;1;2023/2/10;-1;0
52;1;2023/2/11;-1;-4
53;1;2023/2/12;-1;0
54;1;2023/2/13;+3;-1
55;1;2023/2/14;+3;-1
56;1;2023/2/15;+3;+2
57;1;2023/2/16;+1;-1
58;1;2023/2/17;-3;-3
59;1;2023/2/18;-2;-3
60;1;2023/2/19;-4;-4
61;1;2023/2/20;-6;-6
62;1;2023/2/21;-7;-11
63;1;2023/2/22;-8;-10
64;1;2023/2/23;-8;-7
65;1;2023/2/24;-2;-2
66;1;2023/2/25;-2;-3
67;1;2023/2/26;-4;-4
68;1;2023/2/27;-5;-2
69;1;2023/2/28;+2;-1
70;2;2023/3/1;-5;-5
71;2;2023/3/2;-4;-6
72;2;2023/3/3;-1;-1
73;2;2023/3/4;-1;-2
74;2;2023/3/5;-2;-3
75;2;2023/3/6;0;-3
76;2;2023/3/7;-1;-4
77;2;2023/2/1;-2;-2
78;2;2023/2/2;-3;-3
79;2;2023/2/3;-3;-3
80;2;2023/2/4;-2;-4
81;2;2023/2/5;-6;-7
82;2;2023/2/6;-6;-7
83;2;2023/2/7;-6;-9
84;2;2023/2/8;-6;-5
85;2;2023/2/9;-3;-3
86;2;2023/2/10;-4;-4
87;2;2023/2/11;-1;-3
88;2;2023/2/12;-4;-5
89;2;2023/2/13;-6;-6
90;2;2023/2/14;-5;-6
91;2;2023/2/15;-5;-7
92;2;2023/2/16;-7;-6
93;2;2023/2/17;-2;-5
94;2;2023/2/18;-7;-9
95;2;2023/2/19;-8;-13
96;2;2023/2/20;-13;-13
97;2;2023/2/21;-10;-11
98;2;2023/2/22;-12;-13
99;2;2023/2/23;-10;-12
100;2;2023/2/24;-7;-8
101;2;2023/2/25;-1;-2
102;2;2023/2/26;+3;+2
103;2;2023/2/27;-2;-4
104;2;2023/2/28;-4;-4
105;3;2023/3/1;-3;-5
106;3;2023/3/2;-4;-6
107;3;2023/3/3;-2;-2
108;3;2023/3/4;0;0
109;3;2023/3/5;0;-2
110;3;2023/3/6;+1;-1
111;3;2023/3/7;-1;-3
112;3;2023/2/1;-8;-11
113;3;2023/2/2;-5;-6
114;3;2023/2/3;-7;-9
115;3;2023/2/4;-7;-10
116;3;2023/2/5;-6;-9
117;3;2023/2/6;-6;-11
118;3;2023/2/7;-9;-12
119;3;2023/2/8;-9;-11
120;3;2023/2/9;-6;-7
121;3;2023/2/10;-7;-7
122;3;2023/2/11;-4;-5
123;3;2023/2/12;-6;-8
124;3;2023/2/13;-3;-3
125;3;2023/2/14;-7;-9
126;3;2023/2/15;-8;-8
127;3;2023/2/16;-2;-3
128;3;2023/2/17;-5;-7
129;3;2023/2/18;-6;-10
130;3;2023/2/19;-12;-15
131;3;2023/2/20;-10;-11
132;3;2023/2/21;-3;-5
133;3;2023/2/22;-4;-8
134;3;2023/2/23;-11;-13
135;3;2023/2/24;-10;-10
136;3;2023/2/25;-3;-2
137;3;2023/2/26;+1;+1
138;3;2023/2/27;+3;+1
139;3;2023/2/28;-2;-5
140;4;2023/3/1;-4;-5
141;4;2023/3/2;-3;-7
142;4;2023/3/3;-9;-12
143;4;2023/3/4;0;-2
144;4;2023/3/5;0;-2
145;4;2023/3/6;+1;-2
146;4;2023/3/7;-2;-5
147;4;2023/3/8;-1;
148;4;2023/2/1;-1;-9
149;4;2023/2/2;-6;-12
150;4;2023/2/3;-7;-12
151;4;2023/2/4;-6;-14
152;4;2023/2/5;-7;-9
153;4;2023/2/6;-9;-7
154;4;2023/2/7;-8;-11
155;4;2023/2/8;-13;-16
156;4;2023/2/9;-6;-7
157;4;2023/2/10;-4;-4
158;4;2023/2/11;-3;-11
159;4;2023/2/12;-8;-12
160;4;2023/2/13;-8;-12
161;4;2023/2/14;-6;-13
162;4;2023/2/15;-14;-18
163;4;2023/2/16;-10;-14
164;4;2023/2/17;-11;-12
165;4;2023/2/18;-10;-16
166;4;2023/2/19;-13;-20
167;4;2023/2/20;-16;-16
168;4;2023/2/21;-11;-8
169;4;2023/2/22;-6;-8
170;4;2023/2/23;-5;-9
171;4;2023/2/24;-8;-12
172;4;2023/2/25;-7;-7
173;4;2023/2/26;-3;-2
174;4;2023/2/27;0;+1
175;4;2023/2/28;+2;-2
176;5;2023/3/1;+7;+3
177;5;2023/3/2;+5;-2
178;5;2023/3/3;+12;+8
179;5;2023/3/4;+8;+7
180;5;2023/3/5;+11;+10
181;5;2023/3/6;+6;+2
182;5;2023/3/7;+12;+6
183;5;2023/2/1;+5;+4
184;5;2023/2/2;+5;-1
185;5;2023/2/3;+5;+3
186;5;2023/2/4;+4;0
187;5;2023/2/5;+5;+2
188;5;2023/2/6;-1;-2
189;5;2023/2/7;-7;-6
190;5;2023/2/8;-6;-7
191;5;2023/2/9;-6;-11
192;5;2023/2/10;-7;-6
193;5;2023/2/11;-2;-4
194;5;2023/2/12;+5;0
195;5;2023/2/13;0;-2
196;5;2023/2/14;+4;+1
197;5;2023/2/15;+2;-2
198;5;2023/2/16;0;-1
199;5;2023/2/17;+3;+3
200;5;2023/2/18;+8;+8
201;5;2023/2/19;+9;+8
202;5;2023/2/20;+3;+1
203;5;2023/2/21;+6;+7
204;5;2023/2/22;+6;+1
205;5;2023/2/23;0;-4
206;5;2023/2/24;+4;-1
207;5;2023/2/25;+15;+10
208;5;2023/2/26;+18;+9
209;5;2023/2/27;+21;+15
210;5;2023/2/28;+14;+4
211;6;2023/3/1;-4;-5
212;6;2023/3/2;-5;-9
213;6;2023/3/3;-11;-12
214;6;2023/3/4;-2;-3
215;6;2023/3/5;-1;-2
216;6;2023/3/6;-1;-3
217;6;2023/3/7;-3;-4
218;6;2023/3/8;-2;
219;6;2023/2/1;-1;-3
220;6;2023/2/2;-1;-7
221;6;2023/2/3;-2;-6
222;6;2023/2/4;-3;-9
223;6;2023/2/5;-6;-8
224;6;2023/2/6;-5;-7
225;6;2023/2/7;-9;-10
226;6;2023/2/8;-10;-12
227;6;2023/2/9;-5;-6
228;6;2023/2/10;-4;-4
229;6;2023/2/11;-2;-6
230;6;2023/2/12;-5;-8
231;6;2023/2/13;-4;-6
232;6;2023/2/14;-1;-6
233;6;2023/2/15;-11;-14
234;6;2023/2/16;-9;-12
235;6;2023/2/17;-9;-11
236;6;2023/2/18;-12;-15
237;6;2023/2/19;-12;-16
238;6;2023/2/20;-13;-14
239;6;2023/2/21;-11;-11
240;6;2023/2/22;-7;-10
241;6;2023/2/23;-10;-11
242;6;2023/2/24;-11;-13
243;6;2023/2/25;-6;-10
244;6;2023/2/26;-3;-1
245;6;2023/2/27;+1;0
246;6;2023/2/28;-2;-4
247;7;2023/1/1;-6;-5
248;7;2023/1/2;-1;+1
249;7;2023/1/3;-1;-2
250;7;2023/1/4;-4;-7
251;7;2023/1/5;-17;-18
252;7;2023/1/6;-6;-5
253;7;2023/1/7;-28;-32
254;7;2023/1/8;-25;-33
255;7;2023/1/9;-30;-38
256;7;2023/1/10;-26;-25
257;7;2023/1/11;-24;-27
258;7;2023/1/12;-18;-17
259;7;2023/1/13;-12;-15
260;7;2023/1/14;-14;-17
261;7;2023/1/15;-12;-15
262;7;2023/1/16;-13;-19
263;7;2023/1/17;-14;-17
264;7;2023/1/18;-11;-16
265;7;2023/1/19;-10;-19
266;7;2023/1/20;-12;-21
267;7;2023/1/21;-12;-18
268;7;2023/1/22;-9;-10
269;7;2023/1/23;-9;-8
270;7;2023/1/24;-7;-8
271;7;2023/1/25;-13;-12
272;7;2023/1/26;-9;-11
273;7;2023/1/27;-5;-8
274;7;2023/1/28;-8;-7
275;7;2023/1/29;-8;-10
276;7;2023/1/30;-10;-10
277;7;2023/1/31;-8;-7
278;7;2023/2/1;-6;-15
279;7;2023/2/2;-6;-4
280;7;2023/2/3;-4;-14
281;7;2023/2/4;-7;-15
282;7;2023/2/5;-9;-17
283;7;2023/2/6;-12;-17
284;7;2023/2/7;-12;-19
285;7;2023/2/8;-11;-13
286;7;2023/2/9;-6;-5
287;7;2023/2/10;-5;-4
288;7;2023/2/11;-8;-8
289;7;2023/2/12;-7;-9
290;7;2023/2/13;-8;-6
291;7;2023/2/14;-3;-11
292;7;2023/2/15;-7;-8
293;7;2023/2/16;-1;-2
294;7;2023/2/17;-3;-5
295;7;2023/2/18;-12;-20
296;7;2023/2/19;-13;-22
297;7;2023/2/20;-10;-10
298;7;2023/2/21;-3;-8
299;7;2023/2/22;-3;-3
300;7;2023/2/23;-7;-9
301;7;2023/2/24;-12;-13
302;7;2023/2/25;-10;-6
303;7;2023/2/26;-3;-3
304;7;2023/2/27;+1;+3
305;7;2023/2/28;-1;-3
306;7;2023/3/1;-4;-5
307;7;2023/3/2;-5;-7
308;7;2023/3/3;-7;-6
309;7;2023/3/4;0;-1
310;7;2023/3/5;0;+1
311;7;2023/3/6;-1;-2
312;7;2023/3/7;-2;-3
313;7;2023/3/8;-5;
314;7;2022/3/1;-3;-3
315;7;2022/3/2;-3;-6
316;7;2022/3/3;-2;-3
317;7;2022/3/4;-2;-5
318;7;2022/3/5;-1;-1
319;7;2022/3/6;-6;-9
320;7;2022/3/7;-8;-18
321;7;2022/3/8;-10;-13
322;7;2022/3/9;-7;-7
323;7;2022/3/10;-4;-9
324;7;2022/3/11;-7;-10
325;7;2022/3/12;-7;-9
326;7;2022/3/13;-6;-8
327;7;2022/3/14;-6;-13
328;7;2022/3/15;-7;-11
329;7;2022/3/16;-6;-8
330;7;2022/3/17;-4;-6
331;7;2022/3/18;-1;-5
332;7;2022/3/19;-2;-6
333;7;2022/3/20;-2;-1
334;7;2022/3/21;+1;0
335;7;2022/3/22;+1;0
336;7;2022/3/23;+5;+4
337;7;2022/3/24;+3;-1
338;7;2022/3/25;+4;+2
339;7;2022/3/26;+2;+1
340;7;2022/3/27;+2;+2
341;7;2022/3/28;+1;-3
342;7;2022/3/29;-6;+1
343;7;2022/3/30;+2;+3
344;7;2022/3/31;0;0
345;7;2022/4/1;+5;+1
346;7;2022/4/2;+6;+4
347;7;2022/4/3;+9;+7
348;7;2022/4/4;+9;+7
349;7;2022/4/5;+1;+2
350;7;2022/4/6;+5;+4
351;7;2022/4/7;+6;+4
352;7;2022/4/8;+8;+9
353;7;2022/4/9;+15;+13
354;7;2022/4/10;+14;+13
355;7;2022/4/11;+17;+16
356;7;2022/4/12;+15;+12
357;7;2022/4/13;+14;+14
358;7;2022/4/14;+21;+16
359;7;2022/4/15;+11;+8
360;7;2022/4/16;+2;+2
361;7;2022/4/17;+6;+10
362;7;2022/4/18;+16;+11
363;7;2022/4/19;+10;+10
364;7;2022/4/20;+12;+8
365;7;2022/4/21;+12;+9
366;7;2022/4/22;+11;+11
367;7;2022/4/23;+16;+15
368;7;2022/4/24;+15;+14
369;7;2022/4/25;+16;+16
370;7;2022/4/26;+20;+21
371;7;2022/4/27;+22;+14
372;7;2022/4/28;+16;+14
373;7;2022/4/29;+8;+7
374;7;2022/4/30;+11;+12
375;7;2022/5/1;+9;+8
376;7;2022/5/2;+12;+12
377;7;2022/5/3;+15;+15
378;7;2022/5/4;+18;+18
379;7;2022/5/5;+19;+6
380;7;2022/5/6;+9;+9
381;7;2022/5/7;+15;+16
382;7;2022/5/8;+18;+19
383;7;2022/5/9;+19;+19
384;7;2022/5/10;+14;+14
385;7;2022/5/11;+10;+14
386;7;2022/5/12;+12;+10
387;7;2022/5/13;+10;+10
388;7;2022/5/14;+16;+16
389;7;2022/5/15;+13;+17
390;7;2022/5/16;+15;+13
391;7;2022/5/17;+17;+12
392;7;2022/5/18;+15;+14
393;7;2022/5/19;+13;+10
394;7;2022/5/20;+12;+8
395;7;2022/5/21;+8;+10
396;7;2022/5/22;+9;+7
397;7;2022/5/23;+12;+11
398;7;2022/5/24;+17;+14
399;7;2022/5/25;+15;+16
400;7;2022/5/26;+15;+16
401;7;2022/5/27;+20;+18
402;7;2022/5/28;+18;+14
403;7;2022/5/29;+20;+19
404;7;2022/5/30;+18;+19
405;7;2022/5/31;+19;+18
406;7;2022/6/1;+21;+22
407;7;2022/6/2;+26;+24
408;7;2022/6/3;+27;+24
409;7;2022/6/4;+17;+16
410;7;2022/6/5;+19;+20
411;7;2022/6/6;+20;+19
412;7;2022/6/7;+16;+14
413;7;2022/6/8;+12;+13
414;7;2022/6/9;+14;+12
415;7;2022/6/10;+19;+21
416;7;2022/6/11;+21;+18
417;7;2022/6/12;+11;+10
418;7;2022/6/13;+18;+20
419;7;2022/6/14;+23;+23
420;7;2022/6/15;+26;+26
421;7;2022/6/16;+23;+23
422;7;2022/6/17;+26;+16
423;7;2022/6/18;+19;+23
424;7;2022/6/19;+22;+21
425;7;2022/6/20;+15;+18
426;7;2022/6/21;+17;+19
427;7;2022/6/22;+21;+21
428;7;2022/6/23;+27;+20
429;7;2022/6/24;+21;+19
430;7;2022/6/25;+24;+23
431;7;2022/6/26;+18;+16
432;7;2022/6/27;+20;+22
433;7;2022/6/28;+15;+14
434;7;2022/6/29;+12;+16
435;7;2022/6/30;+20;+19
436;7;2022/7/1;+20;+20
437;7;2022/7/2;+24;+23
438;7;2022/7/3;+25;+24
439;7;2022/7/4;+18;+16
440;7;2022/7/5;+18;+19
441;7;2022/7/6;+18;+18
442;7;2022/7/7;+22;+24
443;7;2022/7/8;+26;+26
444;7;2022/7/9;+28;+27
445;7;2022/7/10;+30;+27
446;7;2022/7/11;+30;+28
447;7;2022/7/12;+31;+24
448;7;2022/7/13;+30;+30
449;7;2022/7/14;+29;+29
450;7;2022/7/15;+23;+22
451;7;2022/7/16;+24;+24
452;7;2022/7/17;+26;+26
453;7;2022/7/18;+28;+28
454;7;2022/7/19;+30;+24
455;7;2022/7/20;+23;+22
456;7;2022/7/21;+23;+23
457;7;2022/7/22;+25;+25
458;7;2022/7/23;+27;+25
459;7;2022/7/24;+28;+27
460;7;2022/7/25;+27;+28
461;7;2022/7/26;+29;+28
462;7;2022/7/27;+26;+25
463;7;2022/7/28;+25;+23
464;7;2022/7/29;+24;+23
465;7;2022/7/30;+25;+24
466;7;2022/7/31;+25;+24
467;7;2022/8/1;+27;+20
468;7;2022/8/2;+23;+23
469;7;2022/8/3;+25;+26
470;7;2022/8/4;+25;+26
471;7;2022/8/5;+28;+26
472;7;2022/8/6;+29;+27
473;7;2022/8/7;+28;+25
474;7;2022/8/8;+30;+27
475;7;2022/8/9;+30;+24
476;7;2022/8/10;+28;+23
477;7;2022/8/11;+26;+23
478;7;2022/8/12;;+22
479;7;2022/8/13;+27;+24
480;7;2022/8/14;+23;+21
481;7;2022/8/15;+24;+23
482;7;2022/8/16;+24;+22
483;7;2022/8/17;+24;+22
484;7;2022/8/18;+23;+19
485;7;2022/8/19;+20;+19
486;7;2022/8/20;+24;+24
487;7;2022/8/21;+27;+25
488;7;2022/8/22;+29;+25
489;7;2022/8/23;+29;+22
490;7;2022/8/24;+28;+22
491;7;2022/8/25;+29;+22
492;7;2022/8/26;+29;+22
493;7;2022/8/27;+29;+22
494;7;2022/8/28;+28;+21
495;7;2022/8/29;+27;+20
496;7;2022/8/30;+29;+26
497;7;2022/8/31;+30;+23
498;7;2022/9/1;+31;+21
499;7;2022/9/2;+24;+21
500;7;2022/9/3;+17;+13
501;7;2022/9/4;+16;+12
502;7;2022/9/6;+10;+10
503;7;2022/9/7;+11;+9
504;7;2022/9/8;+9;+8
505;7;2022/9/9;+13;+10
506;7;2022/9/10;+13;+9
507;7;2022/9/11;+13;+11
508;7;2022/9/12;+12;+7
509;7;2022/9/13;+15;+8
510;7;2022/9/14;+16;+16
511;7;2022/9/15;+17;+18
512;7;2022/9/16;+18;+14
513;7;2022/9/17;+15;+16
514;7;2022/9/18;+17;+16
515;7;2022/9/19;+26;+23
516;7;2022/9/20;+24;+17
517;7;2022/9/21;+24;+16
518;7;2022/9/22;+25;+13
519;7;2022/9/23;+28;+16
520;7;2022/9/24;+19;+14
521;7;2022/9/25;+15;+14
522;7;2022/9/26;+13;+11
523;7;2022/9/27;+6;+3
524;7;2022/9/28;+5;+1
525;7;2022/9/29;+5;+4
526;7;2022/9/30;+7;+6
527;7;2022/10/1;+9;+5
528;7;2022/10/2;+16;+15
529;7;2022/10/3;+16;+12
530;7;2022/10/4;+16;+7
531;7;2022/10/5;+11;+9
532;7;2022/10/6;+9;+9
533;7;2022/10/7;+10;+9
534;7;2022/10/8;+11;+9
535;7;2022/10/9;+13;+7
536;7;2022/10/10;+17;+7
537;7;2022/10/11;+11;+9
538;7;2022/10/12;+16;+9
539;7;2022/10/13;+11;+8
540;7;2022/10/14;+10;+9
541;7;2022/10/15;+8;+7
542;7;2022/10/16;+8;+7
543;7;2022/10/17;+10;+3
544;7;2022/10/18;+6;+6
545;7;2022/10/19;+8;+7
546;7;2022/10/20;+7;+6
547;7;2022/10/21;+6;+3
548;7;2022/10/22;+2;0
549;7;2022/10/23;+4;+1
550;7;2022/10/24;+3;+4
551;7;2022/10/25;+3;+1
552;7;2022/10/26;+2;+1
553;7;2022/10/27;+2;-4
554;7;2022/10/28;+1;+2
555;7;2022/10/29;+3;+3
556;7;2022/10/30;+1;+4
557;7;2022/10/31;+7;+3
558;7;2022/11/1;+1;+1
559;7;2022/11/2;+3;+2
560;7;2022/11/3;+3;+1
561;7;2022/11/4;+1;0
562;7;2022/11/5;+1;-1
563;7;2022/11/6;0;-1
564;7;2022/11/7;+1;-1
565;7;2022/11/8;0;
566;7;2022/11/9;+2;+1
567;7;2022/11/10;+3;+2
568;7;2022/11/11;+5;+5
569;7;2022/11/12;+5;+4
570;7;2022/11/13;+6;+1
571;7;2022/11/14;-1;-2
572;7;2022/11/15;-5;-6
573;7;2022/11/16;-6;-7
574;7;2022/11/17;-5;-7
575;7;2022/11/18;-4;-3
576;7;2022/11/19;-2;-8
577;7;2022/11/20;-10;-8
578;7;2022/11/21;-6;-7
579;7;2022/11/22;-6;-11
580;7;2022/11/23;-6;-3
581;7;2022/11/24;-1;-2
582;7;2022/11/25;-4;-3
583;7;2022/11/26;-5;-7
584;7;2022/11/27;-5;-6
585;7;2022/11/28;-7;-12
586;7;2022/11/29;-13;-20
587;7;2022/11/30;-13;-13
588;7;2022/12/1;-10;-11
589;7;2022/12/2;-14;-21
590;7;2022/12/3;-16;-25
591;7;2022/12/4;-13;-12
592;7;2022/12/5;-11;-12
593;7;2022/12/6;-18;-25
594;7;2022/12/7;-23;-27
595;7;2022/12/8;-22;-26
596;7;2022/12/9;-21;-20
597;7;2022/12/10;-13;-12
598;7;2022/12/11;-10;-10
599;7;2022/12/12;-7;-12
600;7;2022/12/13;-8;-16
601;7;2022/12/14;-8;-17
602;7;2022/12/15;-9;-9
603;7;2022/12/16;-13;-8
604;7;2022/12/17;-3;-4
605;7;2022/12/18;-2;-1
606;7;2022/12/19;+1;-7
607;7;2022/12/20;-14;-16
608;7;2022/12/21;-13;-22
609;7;2022/12/22;-17;-7
610;7;2022/12/23;+1;+1
611;7;2022/12/24;-1;-7
612;7;2022/12/25;-8;-11
613;7;2022/12/26;-7;-7
614;7;2022/12/27;-7;-11
615;7;2022/12/28;-12;-15
616;7;2022/12/29;-6;-6
617;7;2022/12/30;-6;-7
618;7;2022/12/31;-12;-20
619;8;2023/3/1;-4;-6
620;8;2023/3/2;-10;-11
621;8;2023/3/3;-12;-12
622;8;2023/3/4;-2;-3
623;8;2023/3/5;0;-2
624;8;2023/3/6;-3;-2
625;8;2023/3/7;-2;-4
626;8;2023/3/8;-3;
627;8;2023/2/1;-3;-4
628;8;2023/2/2;-6;-6
629;8;2023/2/3;-4;-6
630;8;2023/2/4;-5;-9
631;8;2023/2/5;-7;-10
632;8;2023/2/6;-12;-14
633;8;2023/2/7;-15;-19
634;8;2023/2/8;-11;-10
635;8;2023/2/9;-5;-5
636;8;2023/2/10;-3;-3
637;8;2023/2/11;-7;-8
638;8;2023/2/12;-5;-7
639;8;2023/2/13;-7;-9
640;8;2023/2/14;-3;-4
641;8;2023/2/15;-5;-9
642;8;2023/2/16;-7;-12
643;8;2023/2/17;-7;-9
644;8;2023/2/18;-11;-14
645;8;2023/2/19;-12;-17
646;8;2023/2/20;-11;-13
647;8;2023/2/21;-10;-10
648;8;2023/2/22;-6;-12
649;8;2023/2/23;-12;-11
650;8;2023/2/24;-13;-12
651;8;2023/2/25;-10;-10
652;8;2023/2/26;-3;-2
653;8;2023/2/27;+1;0
654;8;2023/2/28;-3;-5
655;9;2023/3/1;+4;+2
656;9;2023/3/2;+4;+2
657;9;2023/3/3;+8;+3
658;9;2023/3/4;+7;+5
659;9;2023/3/5;+6;+5
660;9;2023/3/6;+6;+2
661;9;2023/3/7;+8;+4
662;9;2023/2/1;+2;-1
663;9;2023/2/2;+1;+1
664;9;2023/2/3;+3;0
665;9;2023/2/4;+2;-2
666;9;2023/2/5;-1;0
667;9;2023/2/6;-2;-6
668;9;2023/2/7;-6;-5
669;9;2023/2/8;-4;-7
670;9;2023/2/9;-3;-6
671;9;2023/2/10;-3;-7
672;9;2023/2/11;+1;-3
673;9;2023/2/12;0;-2
674;9;2023/2/13;-2;-1
675;9;2023/2/14;0;0
676;9;2023/2/15;-1;-4
677;9;2023/2/16;-3;-5
678;9;2023/2/17;-2;-4
679;9;2023/2/18;-3;+3
680;9;2023/2/19;+4;+1
681;9;2023/2/20;+3;0
682;9;2023/2/21;+3;+3
683;9;2023/2/22;0;-5
684;9;2023/2/23;-3;-7
685;9;2023/2/24;0;-3
686;9;2023/2/25;+5;+5
687;9;2023/2/26;+12;+10
688;9;2023/2/27;+18;+10
689;9;2023/2/28;+4;+3
690;10;2023/3/1;-2;-5
691;10;2023/3/2;-1;-3
692;10;2023/3/3;+2;+1
693;10;2023/3/4;+2;+1
694;10;2023/3/5;+1;-1
695;10;2023/3/6;+2;-2
696;10;2023/3/7;+1;-1
697;10;2023/2/1;-4;-7
698;10;2023/2/2;-6;-6
699;10;2023/2/3;-2;-4
700;10;2023/2/4;-5;-7
701;10;2023/2/5;-7;-13
702;10;2023/2/6;-9;-14
703;10;2023/2/7;-10;-12
704;10;2023/2/8;-6;-9
705;10;2023/2/9;-5;-5
706;10;2023/2/10;-5;-5
707;10;2023/2/11;-3;-6
708;10;2023/2/12;-5;-4
709;10;2023/2/13;-3;-5
710;10;2023/2/14;-6;-6
711;10;2023/2/15;-7;-9
712;10;2023/2/16;-9;-9
713;10;2023/2/17;-6;-11
714;10;2023/2/18;-4;-7
715;10;2023/2/19;-8;-11
716;10;2023/2/20;-4;-2
717;10;2023/2/21;-1;-3
718;10;2023/2/22;-9;-10
719;10;2023/2/23;-12;-13
720;10;2023/2/24;-5;-7
721;10;2023/2/25;-3;-2
722;10;2023/2/26;+1;+3
723;10;2023/2/27;+4;+2
724;10;2023/2/28;-2;-4
725;11;2023/3/1;+1;+1
726;11;2023/3/2;-2;-6
727;11;2023/3/3;-7;-10
728;11;2023/3/4;-5;-4
729;11;2023/3/5;-2;-5
730;11;2023/3/6;+1;-1
731;11;2023/3/7;-1;-5
732;11;2023/3/8;-3;
733;11;2023/2/1;-13;-16
734;11;2023/2/2;-10;-20
735;11;2023/2/3;-9;-10
736;11;2023/2/4;-9;-16
737;11;2023/2/5;-11;-14
738;11;2023/2/6;-14;-19
739;11;2023/2/7;-14;-19
740;11;2023/2/8;-17;-25
741;11;2023/2/9;-18;-21
742;11;2023/2/10;-16;-21
743;11;2023/2/11;-17;-19
744;11;2023/2/12;-16;-22
745;11;2023/2/13;-15;-22
746;11;2023/2/14;-15;-20
747;11;2023/2/15;-16;-19
748;11;2023/2/16;-13;-22
749;11;2023/2/17;-11;-16
750;11;2023/2/18;-11;-13
751;11;2023/2/19;-12;-12
752;11;2023/2/20;-10;-8
753;11;2023/2/21;+1;-2
754;11;2023/2/22;+1;+1
755;11;2023/2/23;-1;-1
756;11;2023/2/24;-10;-12
757;11;2023/2/25;-13;-16
758;11;2023/2/26;-7;-7
759;11;2023/2/27;-4;-6
760;11;2023/2/28;-2;-1
761;12;2023/3/1;0;+1
762;12;2023/3/2;+3;+2
763;12;2023/3/3;+1;-3
764;12;2023/3/4;-6;-7
765;12;2023/3/5;-3;-4
766;12;2023/3/6;-3;-2
767;12;2023/3/7;0;-3
768;12;2023/3/8;-1;
769;12;2023/2/1;-11;-19
770;12;2023/2/2;-14;-20
771;12;2023/2/3;-9;-11
772;12;2023/2/4;-11;-14
773;12;2023/2/5;-10;-13
774;12;2023/2/6;-9;-11
775;12;2023/2/7;-12;-15
776;12;2023/2/8;-16;-18
777;12;2023/2/9;-19;-22
778;12;2023/2/10;-17;-23
779;12;2023/2/11;-13;-14
780;12;2023/2/12;-6;-10
781;12;2023/2/13;-12;-16
782;12;2023/2/14;-16;-17
783;12;2023/2/15;-10;-14
784;12;2023/2/16;-8;-16
785;12;2023/2/17;-10;-15
786;12;2023/2/18;-5;-6
787;12;2023/2/19;-7;-10
788;12;2023/2/20;-7;-9
789;12;2023/2/21;-1;-4
790;12;2023/2/22;+2;-1
791;12;2023/2/23;0;0
792;12;2023/2/24;+2;-1
793;12;2023/2/25;-9;-11
794;12;2023/2/26;-11;-10
795;12;2023/2/27;-7;-5
796;12;2023/2/28;-3;-2
797;13;2023/3/1;-2;-4
798;13;2023/3/2;-1;-2
799;13;2023/3/3;+4;+2
800;13;2023/3/4;+3;+2
801;13;2023/3/5;0;-1
802;13;2023/3/6;-1;-3
803;13;2023/3/7;+2;+1
804;13;2023/2/1;0;-2
805;13;2023/2/2;-1;-2
806;13;2023/2/3;+1;+1
807;13;2023/2/4;-2;-4
808;13;2023/2/5;-2;-3
809;13;2023/2/6;-4;-7
810;13;2023/2/7;-6;-10
811;13;2023/2/8;-5;-9
812;13;2023/2/9;-4;-4
813;13;2023/2/10;-1;-4
814;13;2023/2/11;-1;-3
815;13;2023/2/12;-3;-5
816;13;2023/2/13;-4;-3
817;13;2023/2/14;+1;-1
818;13;2023/2/15;-2;-4
819;13;2023/2/16;-5;-9
820;13;2023/2/17;-7;-11
821;13;2023/2/18;-8;-8
822;13;2023/2/19;0;
823;13;2023/2/20;-1;-2
824;13;2023/2/21;-1;-4
825;13;2023/2/22;-12;-14
826;13;2023/2/23;-10;-12
827;13;2023/2/24;-4;-2
828;13;2023/2/25;+1;+2
829;13;2023/2/26;+4;+3
830;13;2023/2/27;+1;-2
831;13;2023/2/28;-2;-3
832;14;2023/3/1;0;-3
833;14;2023/3/2;0;-1
834;14;2023/3/3;+2;+2
835;14;2023/3/4;+5;+1
836;14;2023/3/5;+5;+1
837;14;2023/3/6;+3;-1
838;14;2023/3/7;+3;+4
839;14;2023/2/1;-1;-1
840;14;2023/2/2;+1;-2
841;14;2023/2/3;-1;-2
842;14;2023/2/4;-2;-3
843;14;2023/2/5;-4;-5
844;14;2023/2/6;-7;-9
845;14;2023/2/7;-5;-9
846;14;2023/2/8;-4;-10
847;14;2023/2/9;-4;-12
848;14;2023/2/10;-4;-10
849;14;2023/2/11;-5;-10
850;14;2023/2/12;-2;-1
851;14;2023/2/13;-3;-7
852;14;2023/2/14;+1;0
853;14;2023/2/15;-5;-11
854;14;2023/2/16;-7;-11
855;14;2023/2/17;-7;-15
856;14;2023/2/18;-5;-5
857;14;2023/2/19;+2;-2
858;14;2023/2/20;+1;-2
859;14;2023/2/21;+1;+1
860;14;2023/2/22;-7;-11
861;14;2023/2/23;-10;-13
862;14;2023/2/24;-6;-10
863;14;2023/2/25;0;+1
864;14;2023/2/26;+4;+5
865;14;2023/2/27;+9;+6
866;14;2023/2/28;+2;-1
867;15;2023/3/1;+2;+1
868;15;2023/3/2;+4;+4
869;15;2023/3/3;+1;-2
870;15;2023/3/4;-6;-7
871;15;2023/3/5;-1;-2
872;15;2023/3/6;-2;0
873;15;2023/3/7;+1;0
874;15;2023/3/8;0;
875;15;2023/2/1;-6;-14
876;15;2023/2/2;-9;-19
877;15;2023/2/3;-9;-20
878;15;2023/2/4;-12;-20
879;15;2023/2/5;-11;-20
880;15;2023/2/6;-11;-9
881;15;2023/2/7;-7;-10
882;15;2023/2/8;-16;-21
883;15;2023/2/9;-16;-26
884;15;2023/2/10;-17;-25
885;15;2023/2/11;-13;-24
886;15;2023/2/12;-8;-12
887;15;2023/2/13;-14;-23
888;15;2023/2/14;-14;-22
889;15;2023/2/15;-9;-16
890;15;2023/2/16;-9;-12
891;15;2023/2/17;-9;-17
892;15;2023/2/18;-6;-7
893;15;2023/2/19;-6;-9
894;15;2023/2/20;-3;-12
895;15;2023/2/21;-3;-3
896;15;2023/2/22;+2;-2
897;15;2023/2/23;+1;-3
898;15;2023/2/24;+4;+1
899;15;2023/2/25;-6;-8
900;15;2023/2/26;-8;-9
901;15;2023/2/27;-4;-7
902;15;2023/2/28;-1;-1
903;16;2023/3/1;-2;-4
904;16;2023/3/2;-5;-6
905;16;2023/3/3;-11;-13
906;16;2023/3/4;-5;-7
907;16;2023/3/5;-2;-3
908;16;2023/3/6;0;-1
909;16;2023/3/7;-1;-4
910;16;2023/3/8;-5;
911;16;2023/2/1;-2;-6
912;16;2023/2/2;-5;-8
913;16;2023/2/3;-5;-13
914;16;2023/2/4;-5;-13
915;16;2023/2/5;-5;-9
916;16;2023/2/6;-7;-11
917;16;2023/2/7;-13;-16
918;16;2023/2/8;-12;-16
919;16;2023/2/9;-6;-8
920;16;2023/2/10;-3;-4
921;16;2023/2/11;-7;-10
922;16;2023/2/12;-6;-12
923;16;2023/2/13;-10;-15
924;16;2023/2/14;-9;-13
925;16;2023/2/15;-10;-12
926;16;2023/2/16;-11;-16
927;16;2023/2/17;-11;-11
928;16;2023/2/18;-12;-13
929;16;2023/2/19;-13;-18
930;16;2023/2/20;-13;-11
931;16;2023/2/21;-9;-8
932;16;2023/2/22;-3;-5
933;16;2023/2/23;-5;-4
934;16;2023/2/24;-12;-13
935;16;2023/2/25;-8;-10
936;16;2023/2/26;-4;-5
937;16;2023/2/27;-3;-3
938;16;2023/2/28;0;-1
939;17;2023/3/1;-5;-6
940;17;2023/3/2;-6;-10
941;17;2023/3/3;-3;-3
942;17;2023/3/4;-1;-1
943;17;2023/3/5;+1;-1
944;17;2023/3/6;-1;-4
945;17;2023/3/7;-1;-6
946;17;2023/2/1;-6;-7
947;17;2023/2/2;-8;-6
948;17;2023/2/3;-5;-6
949;17;2023/2/4;-6;-8
950;17;2023/2/5;-7;-9
951;17;2023/2/6;-8;-9
952;17;2023/2/7;-10;-14
953;17;2023/2/8;-7;-6
954;17;2023/2/9;-4;-5
955;17;2023/2/10;-5;-6
956;17;2023/2/11;-3;-5
957;17;2023/2/12;-7;-6
958;17;2023/2/13;-6;-6
959;17;2023/2/14;-4;-8
960;17;2023/2/15;-8;-9
961;17;2023/2/16;-4;-5
962;17;2023/2/17;-6;-7
963;17;2023/2/18;-8;-12
964;17;2023/2/19;-11;-16
965;17;2023/2/20;-13;-13
966;17;2023/2/21;-10;-9
967;17;2023/2/22;-9;-12
968;17;2023/2/23;-10;-12
969;17;2023/2/24;-10;-9
970;17;2023/2/25;-5;-3
971;17;2023/2/26;+1;+1
972;17;2023/2/27;0;-1
973;17;2023/2/28;-2;-3
974;18;2023/3/1;-1;-4
975;18;2023/3/2;+1;+1
976;18;2023/3/3;+2;+1
977;18;2023/3/4;+3;+1
978;18;2023/3/5;0;-1
979;18;2023/3/6;-1;-3
980;18;2023/3/7;+4;+2
981;18;2023/2/1;-1;-1
982;18;2023/2/2;0;0
983;18;2023/2/3;0;0
984;18;2023/2/4;-2;-3
985;18;2023/2/5;-4;-5
986;18;2023/2/6;-3;-4
987;18;2023/2/7;-8;-10
988;18;2023/2/8;-8;-11
989;18;2023/2/9;-5;-4
990;18;2023/2/10;-1;-4
991;18;2023/2/11;-1;-2
992;18;2023/2/12;-3;-4
993;18;2023/2/13;-4;-1
994;18;2023/2/14;+1;0
995;18;2023/2/15;-2;-4
996;18;2023/2/16;-3;-6
997;18;2023/2/17;-5;-10
998;18;2023/2/18;-5;-3
999;18;2023/2/19;+4;0
1000;18;2023/2/20;-1;-2
1001;18;2023/2/21;+2;-2
1002;18;2023/2/22;-9;-12
1003;18;2023/2/23;-8;-11
1004;18;2023/2/24;-2;-1
1005;18;2023/2/25;+1;+2
1006;18;2023/2/26;+4;+2
1007;18;2023/2/27;+2;0
1008;18;2023/2/28;-3;-4
1009;19;2023/3/1;+3;+4
1010;19;2023/3/2;+11;+8
1011;19;2023/3/3;+1;+1
1012;19;2023/3/4;-2;-5
1013;19;2023/3/5;0;-5
1014;19;2023/3/6;-2;-4
1015;19;2023/3/7;+4;0
1016;19;2023/3/8;+4;
1017;19;2023/2/1;-7;-13
1018;19;2023/2/2;-10;-15
1019;19;2023/2/3;-10;-14
1020;19;2023/2/4;-9;-16
1021;19;2023/2/5;-11;-15
1022;19;2023/2/6;-9;-15
1023;19;2023/2/7;-10;-11
1024;19;2023/2/8;-5;-8
1025;19;2023/2/9;-12;-15
1026;19;2023/2/10;-15;-20
1027;19;2023/2/11;-12;-18
1028;19;2023/2/12;-12;-18
1029;19;2023/2/13;-13;-15
1030;19;2023/2/14;-9;-11
1031;19;2023/2/15;-9;-15
1032;19;2023/2/16;-12;-15
1033;19;2023/2/17;-8;-6
1034;19;2023/2/18;-4;-6
1035;19;2023/2/19;0;-5
1036;19;2023/2/20;-3;-8
1037;19;2023/2/21;-3;-10
1038;19;2023/2/22;-4;-7
1039;19;2023/2/23;-2;-8
1040;19;2023/2/24;+9;+6
1041;19;2023/2/25;+4;-2
1042;19;2023/2/26;-4;-7
1043;19;2023/2/27;-5;-7
1044;19;2023/2/28;+1;+2
1045;20;2023/3/1;-2;-5
1046;20;2023/3/2;-2;-5
1047;20;2023/3/3;-1;-2
1048;20;2023/3/4;+1;0
1049;20;2023/3/5;0;-2
1050;20;2023/3/6;+1;-1
1051;20;2023/3/7;0;-4
1052;20;2023/2/1;-4;-8
1053;20;2023/2/2;-5;-5
1054;20;2023/2/3;-5;-8
1055;20;2023/2/4;-6;-15
1056;20;2023/2/5;-9;-16
1057;20;2023/2/6;-9;-17
1058;20;2023/2/7;-10;-17
1059;20;2023/2/8;-7;-10
1060;20;2023/2/9;-5;-5
1061;20;2023/2/10;-7;-8
1062;20;2023/2/11;-3;-7
1063;20;2023/2/12;-5;-7
1064;20;2023/2/13;-2;-5
1065;20;2023/2/14;-5;-7
1066;20;2023/2/15;-8;-10
1067;20;2023/2/16;0;-2
1068;20;2023/2/17;-4;-10
1069;20;2023/2/18;-7;-15
1070;20;2023/2/19;-7;-17
1071;20;2023/2/20;-9;-10
1072;20;2023/2/21;-2;-4
1073;20;2023/2/22;-5;-11
1074;20;2023/2/23;-10;-15
1075;20;2023/2/24;-9;-9
1076;20;2023/2/25;-4;-2
1077;20;2023/2/26;+2;+1
1078;20;2023/2/27;+5;+1
1079;20;2023/2/28;0;-4
1080;21;2023/3/1;-4;-6
1081;21;2023/3/2;-6;-11
1082;21;2023/3/3;-10;-9
1083;21;2023/3/4;-1;-2
1084;21;2023/3/5;-1;-2
1085;21;2023/3/6;-1;-3
1086;21;2023/3/7;-3;-4
1087;21;2023/3/8;-5;
1088;21;2023/2/1;-3;-9
1089;21;2023/2/2;-8;-7
1090;21;2023/2/3;-5;-5
1091;21;2023/2/4;-8;-9
1092;21;2023/2/5;-10;-11
1093;21;2023/2/6;-9;-11
1094;21;2023/2/7;-13;-14
1095;21;2023/2/8;-11;-9
1096;21;2023/2/9;-5;-5
1097;21;2023/2/10;-4;-4
1098;21;2023/2/11;-7;-5
1099;21;2023/2/12;-6;-8
1100;21;2023/2/13;-8;-8
1101;21;2023/2/14;-4;-5
1102;21;2023/2/15;-8;-7
1103;21;2023/2/16;-9;-8
1104;21;2023/2/17;-6;-6
1105;21;2023/2/18;-10;-16
1106;21;2023/2/19;-15;-17
1107;21;2023/2/20;-13;-15
1108;21;2023/2/21;-10;-12
1109;21;2023/2/22;-8;-8
1110;21;2023/2/23;-9;-11
1111;21;2023/2/24;-12;-13
1112;21;2023/2/25;-8;-8
1113;21;2023/2/26;-1;-1
1114;21;2023/2/27;+1;-1
1115;21;2023/2/28;-3;-5
1116;22;2023/3/1;-4;-3
1117;22;2023/3/2;-4;-8
1118;22;2023/3/3;-7;-12
1119;22;2023/3/4;-3;-4
1120;22;2023/3/5;0;-1
1121;22;2023/3/6;+1;-3
1122;22;2023/3/7;-2;-5
1123;22;2023/3/8;0;
1124;22;2023/2/1;-9;-10
1125;22;2023/2/2;-7;-10
1126;22;2023/2/3;-4;-11
1127;22;2023/2/4;-8;-14
1128;22;2023/2/5;-7;-9
1129;22;2023/2/6;-9;-14
1130;22;2023/2/7;-11;-16
1131;22;2023/2/8;-15;-17
1132;22;2023/2/9;-11;-12
1133;22;2023/2/10;-2;-4
1134;22;2023/2/11;-7;-14
1135;22;2023/2/12;-8;-13
1136;22;2023/2/13;-13;-17
1137;22;2023/2/14;-12;-15
1138;22;2023/2/15;-12;-18
1139;22;2023/2/16;-13;-20
1140;22;2023/2/17;-11;-13
1141;22;2023/2/18;-8;-15
1142;22;2023/2/19;-12;-18
1143;22;2023/2/20;-12;-11
1144;22;2023/2/21;-6;-5
1145;22;2023/2/22;0;-6
1146;22;2023/2/23;-2;-7
1147;22;2023/2/24;-11;-12
1148;22;2023/2/25;-11;-13
1149;22;2023/2/26;-3;-4
1150;22;2023/2/27;-4;-2
1151;22;2023/2/28;+3;0
1152;23;2023/3/1;-4;-3
1153;23;2023/3/2;;-9
1154;23;2023/3/3;-4;-3
1155;23;2023/3/4;-1;-2
1156;23;2023/3/5;+1;+2
1157;23;2023/3/6;+1;-1
1158;23;2023/3/7;0;-5
1159;23;2023/3/8;+1;
1160;23;2023/2/1;-11;-11
1161;23;2023/2/2;-8;-9
1162;23;2023/2/3;-9;-10
1163;23;2023/2/4;-9;-10
1164;23;2023/2/5;-7;-10
1165;23;2023/2/6;;-14
1166;23;2023/2/7;-15;-16
1167;23;2023/2/8;-11;-15
1168;23;2023/2/9;-8;-7
1169;23;2023/2/10;;-7
1170;23;2023/2/11;-8;-11
1171;23;2023/2/12;-9;-13
1172;23;2023/2/13;-6;-6
1173;23;2023/2/14;-10;-10
1174;23;2023/2/15;-7;-3
1175;23;2023/2/16;-5;-6
1176;23;2023/2/17;-11;-13
1177;23;2023/2/19;-14;-9
1178;23;2023/2/20;-6;-10
1179;23;2023/2/21;-2;-5
1180;23;2023/2/22;0;-3
1181;23;2023/2/23;-12;-11
1182;23;2023/2/24;;-18
1183;23;2023/2/25;-7;-7
1184;23;2023/2/26;-4;-5
1185;23;2023/2/27;0;+1
1186;23;2023/2/28;+1;0
1187;24;2023/3/1;-5;-7
1188;24;2023/3/2;-12;-19
1189;24;2023/3/3;-5;-6
1190;24;2023/3/4;-2;-3
1191;24;2023/3/5;-2;-4
1192;24;2023/3/6;-6;-7
1193;24;2023/3/7;-3;-8
1194;24;2023/2/1;0;-3
1195;24;2023/2/2;-6;-7
1196;24;2023/2/3;-6;-6
1197;24;2023/2/4;-5;-6
1198;24;2023/2/5;-6;-10
1199;24;2023/2/6;-10;-19
1200;24;2023/2/7;-11;-10
1201;24;2023/2/8;-6;-5
1202;24;2023/2/9;-3;-2
1203;24;2023/2/10;-3;-4
1204;24;2023/2/11;-3;-3
1205;24;2023/2/12;-6;-9
1206;24;2023/2/13;-7;-7
1207;24;2023/2/14;-5;-11
1208;24;2023/2/15;-5;-6
1209;24;2023/2/16;-6;-11
1210;24;2023/2/17;-5;-8
1211;24;2023/2/18;-8;-13
1212;24;2023/2/19;-11;-15
1213;24;2023/2/20;-11;-15
1214;24;2023/2/21;-12;-13
1215;24;2023/2/22;-10;-14
1216;24;2023/2/23;-11;-14
1217;24;2023/2/24;-10;-12
1218;24;2023/2/25;-6;-7
1219;24;2023/2/26;0;0
1220;24;2023/2/27;-1;-5
1221;24;2023/2/28;-6;-5
1222;25;2023/3/1;-3;-9
1223;25;2023/3/2;-3;-5
1224;25;2023/3/3;+1;0
1225;25;2023/3/4;+1;0
1226;25;2023/3/5;-2;-2
1227;25;2023/3/6;0;-6
1228;25;2023/3/7;0;-3
1229;25;2023/2/1;-3;-6
1230;25;2023/2/2;-4;-6
1231;25;2023/2/3;-3;-3
1232;25;2023/2/4;-2;-3
1233;25;2023/2/5;;-7
1234;25;2023/2/6;-7;-12
1235;25;2023/2/7;-7;-12
1236;25;2023/2/8;-9;-8
1237;25;2023/2/9;-3;-6
1238;25;2023/2/10;-5;-5
1239;25;2023/2/11;-3;-8
1240;25;2023/2/12;-4;-5
1241;25;2023/2/13;-4;-9
1242;25;2023/2/14;;-7
1243;25;2023/2/15;-7;-9
1244;25;2023/2/16;-6;-7
1245;25;2023/2/17;-2;-5
1246;25;2023/2/18;-4;-8
1247;25;2023/2/19;-6;-9
1248;25;2023/2/20;-4;-4
1249;25;2023/2/21;-3;-3
1250;25;2023/2/22;-9;-11
1251;25;2023/2/23;-11;-13
1252;25;2023/2/24;-8;-8
1253;25;2023/2/25;-1;-1
1254;25;2023/2/26;+2;+2
1255;25;2023/2/27;+1;-2
1256;25;2023/2/28;-3;-4
1257;26;2023/3/1;+5;+4
1258;26;2023/3/2;+7;+7
1259;26;2023/3/3;+2;0
1260;26;2023/3/4;-4;-5
1261;26;2023/3/5;-2;-7
1262;26;2023/3/6;-1;-2
1263;26;2023/3/7;+2;-6
1264;26;2023/3/8;+3;
1265;26;2023/2/1;-11;-21
1266;26;2023/2/2;-13;-21
1267;26;2023/2/3;-14;-19
1268;26;2023/2/4;-13;-23
1269;26;2023/2/5;-15;-20
1270;26;2023/2/6;-11;-20
1271;26;2023/2/7;-3;-5
1272;26;2023/2/8;-8;-13
1273;26;2023/2/9;-15;-22
1274;26;2023/2/10;-18;-26
1275;26;2023/2/11;;-26
1276;26;2023/2/12;-11;-17
1277;26;2023/2/13;-7;-15
1278;26;2023/2/14;-11;-23
1279;26;2023/2/15;-13;-23
1280;26;2023/2/16;-14;-22
1281;26;2023/2/17;-9;-21
1282;26;2023/2/18;-8;-11
1283;26;2023/2/19;-2;-7
1284;26;2023/2/20;-1;-14
1285;26;2023/2/21;-2;-1
1286;26;2023/2/22;+1;-7
1287;26;2023/2/23;+4;+3
1288;26;2023/2/24;+6;+2
1289;26;2023/2/25;-2;-5
1290;26;2023/2/26;-8;-9
1291;26;2023/2/27;-4;-4
1292;26;2023/2/28;+3;0
1293;27;2023/3/1;-1;0
1294;27;2023/3/2;+3;+1
1295;27;2023/3/3;0;-3
1296;27;2023/3/4;-6;-10
1297;27;2023/3/5;-3;-5
1298;27;2023/3/6;-3;-3
1299;27;2023/3/7;+1;-6
1300;27;2023/3/8;-3;
1301;27;2023/2/1;-11;-17
1302;27;2023/2/2;-9;-15
1303;27;2023/2/3;-9;-15
1304;27;2023/2/4;-8;-14
1305;27;2023/2/5;-12;-16
1306;27;2023/2/6;-6;-14
1307;27;2023/2/7;-9;-13
1308;27;2023/2/8;-14;-19
1309;27;2023/2/9;-16;-22
1310;27;2023/2/10;-14;-22
1311;27;2023/2/11;-16;-20
1312;27;2023/2/12;-7;-13
1313;27;2023/2/13;-11;-12
1314;27;2023/2/14;-12;-20
1315;27;2023/2/15;-12;-17
1316;27;2023/2/16;-11;-16
1317;27;2023/2/17;-7;-9
1318;27;2023/2/18;-9;-13
1319;27;2023/2/19;-6;-13
1320;27;2023/2/20;-8;-10
1321;27;2023/2/21;-2;-3
1322;27;2023/2/22;-2;-4
1323;27;2023/2/23;+2;0
1324;27;2023/2/24;+4;0
1325;27;2023/2/25;-7;-12
1326;27;2023/2/26;-9;-11
1327;27;2023/2/27;-6;-8
1328;27;2023/2/28;-2;-2
1329;28;2023/3/1;+5;+3
1330;28;2023/3/2;+7;+2
1331;28;2023/3/3;+8;+4
1332;28;2023/3/4;0;0
1333;28;2023/3/5;+1;0
1334;28;2023/3/6;0;-2
1335;28;2023/3/7;+2;+2
1336;28;2023/2/1;+5;+3
1337;28;2023/2/2;+3;0
1338;28;2023/2/3;0;-1
1339;28;2023/2/4;0;-2
1340;28;2023/2/5;0;-3
1341;28;2023/2/6;+2;0
1342;28;2023/2/7;+4;+1
1343;28;2023/2/8;+2;-1
1344;28;2023/2/9;+1;0
1345;28;2023/2/10;+5;+2
1346;28;2023/2/11;+6;+2
1347;28;2023/2/12;+3;+2
1348;28;2023/2/13;+6;+4
1349;28;2023/2/14;+9;+3
1350;28;2023/2/15;+4;+3
1351;28;2023/2/16;+2;+2
1352;28;2023/2/17;+6;+6
1353;28;2023/2/18;+6;+4
1354;28;2023/2/19;+6;+2
1355;28;2023/2/20;+2;+7
1356;28;2023/2/21;+6;+2
1357;28;2023/2/22;+1;-1
1358;28;2023/2/23;+2;+2
1359;28;2023/2/24;+3;+2
1360;28;2023/2/25;+4;0
1361;28;2023/2/26;+2;+1
1362;28;2023/2/27;+2;-3
1363;28;2023/2/28;+4;+1
1364;29;2023/3/1;-4;-6
1365;29;2023/3/2;-4;-8
1366;29;2023/3/3;0;-3
1367;29;2023/3/4;+1;-1
1368;29;2023/3/5;+1;-4
1369;29;2023/3/6;+1;-4
1370;29;2023/3/7;-1;-9
1371;29;2023/2/1;-4;-10
1372;29;2023/2/2;-6;-7
1373;29;2023/2/3;-4;-5
1374;29;2023/2/4;-6;-11
1375;29;2023/2/5;;-13
1376;29;2023/2/6;-9;-12
1377;29;2023/2/7;-11;-16
1378;29;2023/2/8;-9;-9
1379;29;2023/2/9;-6;-7
1380;29;2023/2/10;-6;-7
1381;29;2023/2/11;-3;-8
1382;29;2023/2/12;-6;-6
1383;29;2023/2/13;-4;-6
1384;29;2023/2/14;;-8
1385;29;2023/2/15;-9;-11
1386;29;2023/2/16;-4;-3
1387;29;2023/2/17;-5;-7
1388;29;2023/2/18;-9;-17
1389;29;2023/2/19;-11;-17
1390;29;2023/2/20;-13;-11
1391;29;2023/2/21;-6;-8
1392;29;2023/2/22;-10;-12
1393;29;2023/2/23;-12;-15
1394;29;2023/2/24;-8;-8
1395;29;2023/2/25;-2;-2
1396;29;2023/2/26;+2;+1
1397;29;2023/2/27;+1;-2
1398;29;2023/2/28;0;-3
1399;30;2023/3/1;-1;+2
1400;30;2023/3/2;+4;+3
1401;30;2023/3/3;+2;0
1402;30;2023/3/4;-5;-7
1403;30;2023/3/5;-4;-9
1404;30;2023/3/6;-2;-2
1405;30;2023/3/7;+2;-5
1406;30;2023/3/8;+1;
1407;30;2023/2/1;-16;-22
1408;30;2023/2/2;-18;-23
1409;30;2023/2/3;-19;-24
1410;30;2023/2/4;-18;-24
1411;30;2023/2/5;-16;-22
1412;30;2023/2/6;-15;-21
1413;30;2023/2/7;-7;-12
1414;30;2023/2/8;-14;-17
1415;30;2023/2/9;-16;-25
1416;30;2023/2/10;-18;-26
1417;30;2023/2/11;-21;-26
1418;30;2023/2/12;-13;-20
1419;30;2023/2/13;-8;-13
1420;30;2023/2/14;-15;-23
1421;30;2023/2/15;-15;-23
1422;30;2023/2/16;-8;-15
1423;30;2023/2/17;-9;-14
1424;30;2023/2/18;-8;-15
1425;30;2023/2/19;-6;-12
1426;30;2023/2/20;-7;-14
1427;30;2023/2/21;-3;-2
1428;30;2023/2/22;-1;-8
1429;30;2023/2/23;+1;+2
1430;30;2023/2/24;+4;+3
1431;30;2023/2/25;-4;-7
1432;30;2023/2/26;-8;-10
1433;30;2023/2/27;-7;-7
1434;30;2023/2/28;0;0
1435;31;2023/3/1;-1;-1
1436;31;2023/3/2;+8;+4
1437;31;2023/3/3;+11;+6
1438;31;2023/3/4;+8;+4
1439;31;2023/3/5;+1;-2
1440;31;2023/3/6;+1;-4
1441;31;2023/3/7;+3;+2
1442;31;2023/3/8;+3;
1443;31;2023/2/1;-10;-15
1444;31;2023/2/2;-13;-16
1445;31;2023/2/3;-11;-13
1446;31;2023/2/4;-11;-12
1447;31;2023/2/5;-10;-13
1448;31;2023/2/6;-13;-15
1449;31;2023/2/7;-11;-14
1450;31;2023/2/8;-9;-11
1451;31;2023/2/9;-8;-12
1452;31;2023/2/10;-10;-12
1453;31;2023/2/11;-14;-16
1454;31;2023/2/12;-10;-15
1455;31;2023/2/13;-5;-10
1456;31;2023/2/14;-7;-10
1457;31;2023/2/15;-5;-10
1458;31;2023/2/16;-9;-12
1459;31;2023/2/17;-11;-11
1460;31;2023/2/18;-6;-7
1461;31;2023/2/19;-6;-10
1462;31;2023/2/20;-6;-10
1463;31;2023/2/21;-3;-6
1464;31;2023/2/22;-3;-7
1465;31;2023/2/23;-4;-8
1466;31;2023/2/24;-4;-10
1467;31;2023/2/25;-3;-9
1468;31;2023/2/26;-1;-3
1469;31;2023/2/27;-4;-6
1470;31;2023/2/28;-6;-8
1471;32;2023/3/1;-5;-6
1472;32;2023/3/2;-6;-12
1473;32;2023/3/3;-2;-5
1474;32;2023/3/4;-1;-2
1475;32;2023/3/5;-1;-3
1476;32;2023/3/6;-2;-4
1477;32;2023/3/7;-3;-8
1478;32;2023/2/1;-3;-8
1479;32;2023/2/2;-8;-7
1480;32;2023/2/3;-5;-9
1481;32;2023/2/4;-5;-5
1482;32;2023/2/5;-7;-9
1483;32;2023/2/6;-8;-12
1484;32;2023/2/7;-10;-12
1485;32;2023/2/8;-6;-6
1486;32;2023/2/9;-4;-5
1487;32;2023/2/10;-5;-5
1488;32;2023/2/11;-3;-6
1489;32;2023/2/12;-7;-7
1490;32;2023/2/13;-6;-8
1491;32;2023/2/14;-6;-10
1492;32;2023/2/15;-6;-7
1493;32;2023/2/16;-5;-6
1494;32;2023/2/17;-4;-6
1495;32;2023/2/18;-7;-14
1496;32;2023/2/19;-12;-16
1497;32;2023/2/20;-13;-13
1498;32;2023/2/21;-9;-14
1499;32;2023/2/22;-11;-14
1500;32;2023/2/23;-11;-11
1501;32;2023/2/24;-10;-9
1502;32;2023/2/25;-4;-3
1503;32;2023/2/26;0;+1
1504;32;2023/2/27;-1;-2
1505;32;2023/2/28;-3;-4
1506;33;2023/3/1;-3;-5
1507;33;2023/3/2;-4;-7
1508;33;2023/3/3;-10;-13
1509;33;2023/3/4;-16;-15
1510;33;2023/3/5;-11;-10
1511;33;2023/3/6;-4;-5
1512;33;2023/3/7;-12;-18
1513;33;2023/3/8;-21;
1514;33;2023/2/1;-8;-8
1515;33;2023/2/2;-6;-10
1516;33;2023/2/3;-7;-13
1517;33;2023/2/4;-13;-15
1518;33;2023/2/5;-13;-19
1519;33;2023/2/6;-15;-17
1520;33;2023/2/7;-22;-25
1521;33;2023/2/8;-21;-19
1522;33;2023/2/9;-11;-13
1523;33;2023/2/10;-13;-14
1524;33;2023/2/11;-11;-13
1525;33;2023/2/12;-14;-13
1526;33;2023/2/13;-12;-13
1527;33;2023/2/14;-15;-15
1528;33;2023/2/15;-11;-15
1529;33;2023/2/16;-11;-12
1530;33;2023/2/17;-11;-12
1531;33;2023/2/18;-10;-18
1532;33;2023/2/19;-12;-17
1533;33;2023/2/20;-13;-18
1534;33;2023/2/21;-11;-12
1535;33;2023/2/22;-1;+1
1536;33;2023/2/23;+1;-1
1537;33;2023/2/24;-2;-6
1538;33;2023/2/25;-12;-13
1539;33;2023/2/26;-12;-14
1540;33;2023/2/27;-12;-6
1541;33;2023/2/28;0;-3
1542;34;2023/3/1;-1;-5
1543;34;2023/3/2;-2;-4
1544;34;2023/3/3;+3;+1
1545;34;2023/3/4;+2;+1
1546;34;2023/3/5;-1;-1
1547;34;2023/3/6;0;-5
1548;34;2023/3/7;0;0
1549;34;2023/2/1;-1;-2
1550;34;2023/2/2;-1;-2
1551;34;2023/2/3;0;0
1552;34;2023/2/4;-1;-3
1553;34;2023/2/5;-2;-3
1554;34;2023/2/6;-4;-11
1555;34;2023/2/7;-8;-8
1556;34;2023/2/8;-6;-11
1557;34;2023/2/9;-3;-4
1558;34;2023/2/10;-1;-4
1559;34;2023/2/11;-1;-4
1560;34;2023/2/12;-3;-5
1561;34;2023/2/13;-4;-3
1562;34;2023/2/14;+1;-1
1563;34;2023/2/15;-3;-4
1564;34;2023/2/16;-6;-10
1565;34;2023/2/17;-6;-7
1566;34;2023/2/18;-8;-8
1567;34;2023/2/19;-5;-3
1568;34;2023/2/20;-2;-3
1569;34;2023/2/21;-3;-8
1570;34;2023/2/22;-13;-16
1571;34;2023/2/23;-10;-13
1572;34;2023/2/24;-5;-3
1573;34;2023/2/25;+1;+1
1574;34;2023/2/26;+3;+2
1575;34;2023/2/27;0;-3
1576;34;2023/2/28;-1;-2
1577;35;2023/3/1;-4;-7
1578;35;2023/3/2;-7;-12
1579;35;2023/3/3;-4;-4
1580;35;2023/3/4;+1;-1
1581;35;2023/3/5;+1;-3
1582;35;2023/3/6;-1;-2
1583;35;2023/3/7;-2;-5
1584;35;2023/2/1;-3;-11
1585;35;2023/2/2;-6;-5
1586;35;2023/2/3;-3;-6
1587;35;2023/2/4;-6;-8
1588;35;2023/2/5;-8;-11
1589;35;2023/2/6;-10;-11
1590;35;2023/2/7;-10;-17
1591;35;2023/2/8;-11;-8
1592;35;2023/2/9;-4;-5
1593;35;2023/2/10;-4;-6
1594;35;2023/2/11;-4;-4
1595;35;2023/2/12;-6;-6
1596;35;2023/2/13;-5;-3
1597;35;2023/2/14;-3;-7
1598;35;2023/2/15;-8;-9
1599;35;2023/2/16;-4;-5
1600;35;2023/2/17;-6;-9
1601;35;2023/2/18;-10;-15
1602;35;2023/2/19;-15;-19
1603;35;2023/2/20;-15;-15
1604;35;2023/2/21;-7;-11
1605;35;2023/2/22;-6;-6
1606;35;2023/2/23;-9;-13
1607;35;2023/2/24;-11;-12
1608;35;2023/2/25;-6;-3
1609;35;2023/2/26;+2;+1
1610;35;2023/2/27;0;-1
1611;35;2023/2/28;-2;-3
1612;36;2023/3/1;-2;-4
1613;36;2023/3/2;-2;-2
1614;36;2023/3/3;+2;-3
1615;36;2023/3/4;0;-1
1616;36;2023/3/5;-1;-2
1617;36;2023/3/6;-2;-4
1618;36;2023/3/7;-1;-1
1619;36;2023/2/1;-1;-1
1620;36;2023/2/2;-1;-1
1621;36;2023/2/3;+1;0
1622;36;2023/2/4;+1;-2
1623;36;2023/2/5;0;-2
1624;36;2023/2/6;-4;-6
1625;36;2023/2/7;-5;-12
1626;36;2023/2/8;-6;-5
1627;36;2023/2/9;-1;-2
1628;36;2023/2/10;-1;-1
1629;36;2023/2/11;-2;-3
1630;36;2023/2/12;-4;-5
1631;36;2023/2/13;-2;-1
1632;36;2023/2/14;0;0
1633;36;2023/2/15;-3;-4
1634;36;2023/2/16;-4;-7
1635;36;2023/2/17;-4;-10
1636;36;2023/2/18;-7;-8
1637;36;2023/2/19;-6;-4
1638;36;2023/2/20;-1;-4
1639;36;2023/2/21;-8;-13
1640;36;2023/2/22;-11;-14
1641;36;2023/2/23;-7;-11
1642;36;2023/2/24;-4;-3
1643;36;2023/2/25;+1;+1
1644;36;2023/2/26;+3;-1
1645;36;2023/2/27;-4;-4
1646;36;2023/2/28;0;-1
1647;37;2023/3/1;-1;-3
1648;37;2023/3/2;+1;+1
1649;37;2023/3/3;+3;0
1650;37;2023/3/4;-1;-1
1651;37;2023/3/5;+1;-2
1652;37;2023/3/6;0;-4
1653;37;2023/3/7;0;-4
1654;37;2023/2/1;+1;-1
1655;37;2023/2/2;+1;0
1656;37;2023/2/3;+1;-1
1657;37;2023/2/4;-1;-3
1658;37;2023/2/5;-2;-3
1659;37;2023/2/6;-4;-7
1660;37;2023/2/7;-4;-11
1661;37;2023/2/8;-6;-6
1662;37;2023/2/9;-2;-3
1663;37;2023/2/10;-1;-2
1664;37;2023/2/11;0;-1
1665;37;2023/2/12;-4;-6
1666;37;2023/2/13;-1;0
1667;37;2023/2/14;+1;+1
1668;37;2023/2/15;0;-5
1669;37;2023/2/16;-3;-7
1670;37;2023/2/17;-3;-8
1671;37;2023/2/18;-4;-5
1672;37;2023/2/19;+2;-2
1673;37;2023/2/20;-2;-4
1674;37;2023/2/21;-1;-6
1675;37;2023/2/22;-9;-12
1676;37;2023/2/23;-8;-10
1677;37;2023/2/24;-2;-1
1678;37;2023/2/25;+2;+1
1679;37;2023/2/26;+2;-1
1680;37;2023/2/27;-4;-4
1681;37;2023/2/28;-2;-2
1682;38;2023/3/1;-3;-7
1683;38;2023/3/2;-3;-4
1684;38;2023/3/3;+3;+1
1685;38;2023/3/4;+1;+1
1686;38;2023/3/5;-2;-1
1687;38;2023/3/6;0;-4
1688;38;2023/3/7;0;-1
1689;38;2023/2/1;-1;-2
1690;38;2023/2/2;0;-2
1691;38;2023/2/3;0;0
1692;38;2023/2/4;0;-2
1693;38;2023/2/5;-2;-6
1694;38;2023/2/6;-6;-13
1695;38;2023/2/7;-7;-15
1696;38;2023/2/8;-7;-8
1697;38;2023/2/9;-4;-6
1698;38;2023/2/10;-4;-4
1699;38;2023/2/11;-3;-5
1700;38;2023/2/12;-1;-3
1701;38;2023/2/13;-7;-6
1702;38;2023/2/14;-1;-4
1703;38;2023/2/15;-5;-10
1704;38;2023/2/16;-7;-8
1705;38;2023/2/17;-5;-11
1706;38;2023/2/18;-5;-8
1707;38;2023/2/19;-6;-7
1708;38;2023/2/20;-2;-2
1709;38;2023/2/21;-2;-9
1710;38;2023/2/22;-14;-16
1711;38;2023/2/23;-11;-16
1712;38;2023/2/24;-7;-5
1713;38;2023/2/25;0;+1
1714;38;2023/2/26;+3;+2
1715;38;2023/2/27;0;-3
1716;38;2023/2/28;-2;-2
1717;39;2023/3/1;+6;+1
1718;39;2023/3/2;0;-3
1719;39;2023/3/3;+8;+4
1720;39;2023/3/4;+3;+3
1721;39;2023/3/5;+11;+7
1722;39;2023/3/6;+4;-1
1723;39;2023/3/7;+9;+4
1724;39;2023/2/1;+5;+2
1725;39;2023/2/2;0;-4
1726;39;2023/2/3;+3;-1
1727;39;2023/2/4;+3;-1
1728;39;2023/2/5;-1;-3
1729;39;2023/2/6;-5;-6
1730;39;2023/2/7;-10;-8
1731;39;2023/2/8;-10;-11
1732;39;2023/2/9;-9;-17
1733;39;2023/2/10;-7;-6
1734;39;2023/2/11;0;-3
1735;39;2023/2/12;+2;-1
1736;39;2023/2/13;-6;-6
1737;39;2023/2/14;+1;0
1738;39;2023/2/15;-2;-3
1739;39;2023/2/16;-4;-6
1740;39;2023/2/17;-3;-4
1741;39;2023/2/18;+4;+2
1742;39;2023/2/19;+6;+3
1743;39;2023/2/20;+4;-2
1744;39;2023/2/21;+5;+5
1745;39;2023/2/22;+2;-1
1746;39;2023/2/23;-4;-8
1747;39;2023/2/24;0;-4
1748;39;2023/2/25;+8;+4
1749;39;2023/2/26;+14;+9
1750;39;2023/2/27;+17;+10
1751;39;2023/2/28;+15;+9
1752;40;2023/3/1;-2;-4
1753;40;2023/3/2;-3;-4
1754;40;2023/3/3;+2;-1
1755;40;2023/3/4;+1;-1
1756;40;2023/3/5;-2;-1
1757;40;2023/3/6;-1;-5
1758;40;2023/3/7;-1;-3
1759;40;2023/2/1;-2;-2
1760;40;2023/2/2;-1;-2
1761;40;2023/2/3;0;0
1762;40;2023/2/4;0;-2
1763;40;2023/2/5;-2;-3
1764;40;2023/2/6;-3;-5
1765;40;2023/2/7;-5;-12
1766;40;2023/2/8;-6;-6
1767;40;2023/2/9;-2;-3
1768;40;2023/2/10;-2;-3
1769;40;2023/2/11;-2;-3
1770;40;2023/2/12;-3;-5
1771;40;2023/2/13;-4;-2
1772;40;2023/2/14;+1;-1
1773;40;2023/2/15;-2;-4
1774;40;2023/2/16;-6;-7
1775;40;2023/2/17;-3;-5
1776;40;2023/2/18;-4;-7
1777;40;2023/2/19;-6;-7
1778;40;2023/2/20;-4;-8
1779;40;2023/2/21;-10;-14
1780;40;2023/2/22;-13;-14
1781;40;2023/2/23;-9;-12
1782;40;2023/2/24;-6;-4
1783;40;2023/2/25;0;+1
1784;40;2023/2/26;+3;+1
1785;40;2023/2/27;-2;-4
1786;40;2023/2/28;-2;-2
1787;41;2023/3/1;-1;-5
1788;41;2023/3/2;0;+1
1789;41;2023/3/3;+3;+1
1790;41;2023/3/4;+3;0
1791;41;2023/3/5;-1;-2
1792;41;2023/3/6;-1;-4
1793;41;2023/3/7;+3;+1
1794;41;2023/2/1;-1;-2
1795;41;2023/2/2;-1;0
1796;41;2023/2/3;0;0
1797;41;2023/2/4;-2;-3
1798;41;2023/2/5;-4;-3
1799;41;2023/2/6;-2;-5
1800;41;2023/2/7;-8;-11
1801;41;2023/2/8;-6;-11
1802;41;2023/2/9;-3;-4
1803;41;2023/2/10;0;-4
1804;41;2023/2/11;-1;-2
1805;41;2023/2/12;-3;-6
1806;41;2023/2/13;-3;-1
1807;41;2023/2/14;+1;-1
1808;41;2023/2/15;-2;-5
1809;41;2023/2/16;-3;-5
1810;41;2023/2/17;-6;-11
1811;41;2023/2/18;-6;-5
1812;41;2023/2/19;+2;0
1813;41;2023/2/20;-1;-3
1814;41;2023/2/21;-1;-4
1815;41;2023/2/22;-10;-13
1816;41;2023/2/23;-9;-11
1817;41;2023/2/24;-3;-2
1818;41;2023/2/25;+1;+2
1819;41;2023/2/26;+2;+1
1820;41;2023/2/27;0;-4
1821;41;2023/2/28;-3;-3
1822;42;2023/3/1;-3;-4
1823;42;2023/3/2;-2;-3
1824;42;2023/3/3;+1;-2
1825;42;2023/3/4;+1;-3
1826;42;2023/3/5;-1;-4
1827;42;2023/3/6;-1;-4
1828;42;2023/3/7;-1;-5
1829;42;2023/2/1;0;-1
1830;42;2023/2/2;-1;-2
1831;42;2023/2/3;-1;-1
1832;42;2023/2/4;+1;-1
1833;42;2023/2/5;-1;-3
1834;42;2023/2/6;-6;-6
1835;42;2023/2/7;-6;-7
1836;42;2023/2/8;-3;-3
1837;42;2023/2/9;-1;-1
1838;42;2023/2/10;0;-2
1839;42;2023/2/11;-1;-3
1840;42;2023/2/12;-5;-7
1841;42;2023/2/13;-2;-1
1842;42;2023/2/14;+1;-1
1843;42;2023/2/15;-2;-4
1844;42;2023/2/16;-5;-6
1845;42;2023/2/17;-3;-8
1846;42;2023/2/18;-5;-7
1847;42;2023/2/19;-7;-8
1848;42;2023/2/20;-10;-13
1849;42;2023/2/21;-11;-14
1850;42;2023/2/22;-12;-15
1851;42;2023/2/23;-8;-12
1852;42;2023/2/24;-6;-6
1853;42;2023/2/25;-2;-1
1854;42;2023/2/26;+2;+1
1855;42;2023/2/27;-5;-8
1856;42;2023/2/28;-2;-4
1857;43;2023/3/1;-1;-3
1858;43;2023/3/2;-4;-5
1859;43;2023/3/3;-8;-10
1860;43;2023/3/4;-12;-14
1861;43;2023/3/5;-7;-8
1862;43;2023/3/6;-4;-5
1863;43;2023/3/7;-9;-16
1864;43;2023/3/8;-20;
1865;43;2023/2/1;-8;-7
1866;43;2023/2/2;-7;-9
1867;43;2023/2/3;-9;-8
1868;43;2023/2/4;-13;-17
1869;43;2023/2/5;-13;
1870;43;2023/2/6;-12;-15
1871;43;2023/2/7;-18;-23
1872;43;2023/2/8;-24;-23
1873;43;2023/2/9;-15;-16
1874;43;2023/2/10;-14;-17
1875;43;2023/2/11;;-13
1876;43;2023/2/12;-13;
1877;43;2023/2/13;-12;-15
1878;43;2023/2/14;-15;-17
1879;43;2023/2/15;-10;-15
1880;43;2023/2/16;-8;-10
1881;43;2023/2/17;-8;-12
1882;43;2023/2/18;-12;-16
1883;43;2023/2/19;-11;-12
1884;43;2023/2/20;-12;-16
1885;43;2023/2/21;-10;-9
1886;43;2023/2/22;-3;0
1887;43;2023/2/23;0;
1888;43;2023/2/24;-1;-7
1889;43;2023/2/25;-10;
1890;43;2023/2/26;-11;-11
1891;43;2023/2/27;-11;-8
1892;43;2023/2/28;0;-2
1893;44;2023/3/1;0;-2
1894;44;2023/3/2;+2;+1
1895;44;2023/3/3;+1;-1
1896;44;2023/3/4;0;-4
1897;44;2023/3/5;0;-3
1898;44;2023/3/6;0;-4
1899;44;2023/3/7;0;-7
1900;44;2023/2/1;+1;-2
1901;44;2023/2/2;+1;0
1902;44;2023/2/3;-1;-4
1903;44;2023/2/4;-4;-4
1904;44;2023/2/5;-2;-4
1905;44;2023/2/6;-5;-7
1906;44;2023/2/7;-5;-13
1907;44;2023/2/8;-4;-4
1908;44;2023/2/9;-1;-6
1909;44;2023/2/10;-3;-2
1910;44;2023/2/11;0;0
1911;44;2023/2/12;-2;-5
1912;44;2023/2/13;+1;+1
1913;44;2023/2/14;+1;0
1914;44;2023/2/15;+1;-4
1915;44;2023/2/16;-5;-5
1916;44;2023/2/17;-3;-5
1917;44;2023/2/18;-4;-4
1918;44;2023/2/19;+2;-1
1919;44;2023/2/20;-4;-4
1920;44;2023/2/21;-3;-10
1921;44;2023/2/22;-8;-12
1922;44;2023/2/23;-6;-10
1923;44;2023/2/24;-2;-1
1924;44;2023/2/25;+2;+1
1925;44;2023/2/26;-3;-5
1926;44;2023/2/27;-4;-6
1927;44;2023/2/28;-2;0
1928;45;2023/3/1;-4;-8
1929;45;2023/3/2;-7;-9
1930;45;2023/3/3;-7;-12
1931;45;2023/3/4;-1;-4
1932;45;2023/3/5;0;-2
1933;45;2023/3/6;-1;-5
1934;45;2023/3/7;-4;-4
1935;45;2023/3/8;-7;
1936;45;2023/2/1;-14;-19
1937;45;2023/2/2;-16;-19
1938;45;2023/2/3;-16;-20
1939;45;2023/2/4;-12;-13
1940;45;2023/2/5;-9;-12
1941;45;2023/2/6;-9;-16
1942;45;2023/2/7;-7;-15
1943;45;2023/2/8;-16;-21
1944;45;2023/2/9;-5;-6
1945;45;2023/2/10;-1;-11
1946;45;2023/2/11;-11;-8
1947;45;2023/2/12;-10;-17
1948;45;2023/2/13;-15;-18
1949;45;2023/2/14;-15;-14
1950;45;2023/2/15;-15;-15
1951;45;2023/2/16;-13;-13
1952;45;2023/2/17;-14;-16
1953;45;2023/2/18;-17;-25
1954;45;2023/2/19;-20;-24
1955;45;2023/2/20;-14;-15
1956;45;2023/2/21;-9;-12
1957;45;2023/2/22;-11;-8
1958;45;2023/2/23;-11;-14
1959;45;2023/2/24;-10;-14
1960;45;2023/2/25;-10;-11
1961;45;2023/2/26;-7;-7
1962;45;2023/2/27;-2;+1
1963;45;2023/2/28;+1;-4
1964;46;2023/3/1;-4;-6
1965;46;2023/3/2;-10;-11
1966;46;2023/3/3;-13;-13
1967;46;2023/3/4;-3;-4
1968;46;2023/3/5;-1;-2
1969;46;2023/3/6;-1;-3
1970;46;2023/3/7;-4;-4
1971;46;2023/3/8;-4;
1972;46;2023/2/1;-2;-2
1973;46;2023/2/2;-3;-10
1974;46;2023/2/3;-3;-11
1975;46;2023/2/4;-3;-11
1976;46;2023/2/5;-11;-15
1977;46;2023/2/6;-10;-11
1978;46;2023/2/7;-12;-18
1979;46;2023/2/8;-11;-12
1980;46;2023/2/9;-4;-5
1981;46;2023/2/10;-3;-4
1982;46;2023/2/11;-4;-7
1983;46;2023/2/12;-4;-7
1984;46;2023/2/13;-5;-7
1985;46;2023/2/14;-2;-3
1986;46;2023/2/15;-9;-11
1987;46;2023/2/16;-9;-17
1988;46;2023/2/17;-10;-12
1989;46;2023/2/18;-14;-17
1990;46;2023/2/19;-14;-18
1991;46;2023/2/20;-15;-17
1992;46;2023/2/21;-11;-11
1993;46;2023/2/22;-13;-17
1994;46;2023/2/23;-14;-14
1995;46;2023/2/24;-13;-14
1996;46;2023/2/25;-9;-11
1997;46;2023/2/26;-3;-3
1998;46;2023/2/27;0;-1
1999;46;2023/2/28;-2;-4
2000;47;2023/3/1;-2;-4
2001;47;2023/3/2;-2;-1
2002;47;2023/3/3;+2;0
2003;47;2023/3/4;-1;-1
2004;47;2023/3/5;-1;-3
2005;47;2023/3/6;-2;-5
2006;47;2023/3/7;-1;-4
2007;47;2023/2/1;+1;-2
2008;47;2023/2/2;-1;-2
2009;47;2023/2/3;+1;-1
2010;47;2023/2/4;-1;-3
2011;47;2023/2/5;-2;-5
2012;47;2023/2/6;-5;-10
2013;47;2023/2/7;-6;-6
2014;47;2023/2/8;-2;-3
2015;47;2023/2/9;+1;-1
2016;47;2023/2/10;-3;-2
2017;47;2023/2/11;-3;-1
2018;47;2023/2/12;-1;-7
2019;47;2023/2/13;+2;+1
2020;47;2023/2/14;+2;-1
2021;47;2023/2/15;-3;-5
2022;47;2023/2/16;-4;-6
2023;47;2023/2/17;-4;-8
2024;47;2023/2/18;-5;-6
2025;47;2023/2/19;-6;-8
2026;47;2023/2/20;-6;-13
2027;47;2023/2/21;-10;-14
2028;47;2023/2/22;-10;-14
2029;47;2023/2/23;-7;-9
2030;47;2023/2/24;-4;-5
2031;47;2023/2/25;+1;0
2032;47;2023/2/26;0;-2
2033;47;2023/2/27;-4;-9
2034;47;2023/2/28;-1;-3
2035;48;2023/3/1;-24;-27
2036;48;2023/3/2;-25;-30
2037;48;2023/3/3;-25;-26
2038;48;2023/3/4;-25;-27
2039;48;2023/3/5;-25;-25
2040;48;2023/3/6;-22;-27
2041;48;2023/3/7;-24;-27
2042;48;2023/3/8;-28;
2043;48;2023/2/1;-5;-4
2044;48;2023/2/2;-4;-4
2045;48;2023/2/3;-5;-7
2046;48;2023/2/4;-10;-10
2047;48;2023/2/5;-10;-16
2048;48;2023/2/6;-22;-26
2049;48;2023/2/7;-18;-16
2050;48;2023/2/8;-6;-4
2051;48;2023/2/9;-8;-5
2052;48;2023/2/10;-3;-2
2053;48;2023/2/11;-6;-6
2054;48;2023/2/12;-5;-7
2055;48;2023/2/13;-7;-13
2056;48;2023/2/14;-14;-13
2057;48;2023/2/15;-11;-13
2058;48;2023/2/16;-8;-8
2059;48;2023/2/17;-12;-13
2060;48;2023/2/18;-14;-16
2061;48;2023/2/19;-13;-16
2062;48;2023/2/20;-18;-21
2063;48;2023/2/21;-19;-19
2064;48;2023/2/22;-14;-10
2065;48;2023/2/23;-10;-9
2066;48;2023/2/24;-21;-20
2067;48;2023/2/25;-19;-20
2068;48;2023/2/26;-21;-25
2069;48;2023/2/27;-20;
2070;48;2023/2/28;-20;-21
2071;49;2023/3/1;-2;-3
2072;49;2023/3/2;0;-1
2073;49;2023/3/3;-1;-1
2074;49;2023/3/4;-3;-5
2075;49;2023/3/5;-7;-8
2076;49;2023/3/6;-10;-6
2077;49;2023/3/7;-4;-9
2078;49;2023/2/1;-3;-2
2079;49;2023/2/2;-2;-7
2080;49;2023/2/3;-4;-4
2081;49;2023/2/4;-4;-8
2082;49;2023/2/5;-7;-9
2083;49;2023/2/6;-5;-5
2084;49;2023/2/7;-2;-2
2085;49;2023/2/8;0;-1
2086;49;2023/2/9;0;-1
2087;49;2023/2/10;-3;-3
2088;49;2023/2/11;-3;-8
2089;49;2023/2/12;-4;-3
2090;49;2023/2/13;+1;+1
2091;49;2023/2/14;0;-3
2092;49;2023/2/15;-2;-2
2093;49;2023/2/16;-7;-8
2094;49;2023/2/17;-5;-5
2095;49;2023/2/18;-2;-5
2096;49;2023/2/19;-8;-10
2097;49;2023/2/20;-12;-12
2098;49;2023/2/21;-12;-17
2099;49;2023/2/22;-10;-14
2100;49;2023/2/23;-9;-9
2101;49;2023/2/24;-4;-4
2102;49;2023/2/25;-5;-6
2103;49;2023/2/26;-6;-8
2104;49;2023/2/27;-4;-4
2105;49;2023/2/28;-2;-3
2106;50;2023/3/1;+8;+8
2107;50;2023/3/2;+9;+6
2108;50;2023/3/3;+12;+8
2109;50;2023/3/4;+9;+7
2110;50;2023/3/5;+12;+12
2111;50;2023/3/6;+7;+5
2112;50;2023/3/7;+10;+9
2113;50;2023/2/1;+8;+5
2114;50;2023/2/2;+7;+4
2115;50;2023/2/3;+6;+4
2116;50;2023/2/4;+5;+5
2117;50;2023/2/5;+10;+5
2118;50;2023/2/6;+11;+5
2119;50;2023/2/7;+4;
2120;50;2023/2/8;+6;+4
2121;50;2023/2/9;+8;+5
2122;50;2023/2/10;+7;+5
2123;50;2023/2/11;+6;+2
2124;50;2023/2/12;+5;+2
2125;50;2023/2/13;+1;-2
2126;50;2023/2/14;+2;0
2127;50;2023/2/15;+4;+1
2128;50;2023/2/16;+4;+1
2129;50;2023/2/17;+2;+4
2130;50;2023/2/18;+5;+5
2131;50;2023/2/19;+6;+7
2132;50;2023/2/20;+8;+4
2133;50;2023/2/21;+3;+3
2134;50;2023/2/22;+8;+7
2135;50;2023/2/23;+5;+1
2136;50;2023/2/24;+7;+3
2137;50;2023/2/25;+12;+13
2138;50;2023/2/26;+15;+13
2139;50;2023/2/27;+19;+15
2140;50;2023/2/28;+16;+13
2141;51;2023/3/1;+1;-5
2142;51;2023/3/2;+1;0
2143;51;2023/3/3;+4;0
2144;51;2023/3/4;+1;-1
2145;51;2023/3/5;+1;-1
2146;51;2023/3/6;0;-4
2147;51;2023/3/7;0;0
2148;51;2023/2/1;0;-2
2149;51;2023/2/2;-1;0
2150;51;2023/2/3;+1;0
2151;51;2023/2/4;0;-3
2152;51;2023/2/5;-1;-3
2153;51;2023/2/6;-3;-6
2154;51;2023/2/7;-6;-10
2155;51;2023/2/8;-5;-8
2156;51;2023/2/9;-2;-3
2157;51;2023/2/10;+1;-2
2158;51;2023/2/11;-1;-1
2159;51;2023/2/12;-3;-7
2160;51;2023/2/13;-2;0
2161;51;2023/2/14;0;-1
2162;51;2023/2/15;-2;-4
2163;51;2023/2/16;-3;-5
2164;51;2023/2/17;-6;-11
2165;51;2023/2/18;-6;-7
2166;51;2023/2/19;+2;-2
2167;51;2023/2/20;-2;-4
2168;51;2023/2/21;-2;-7
2169;51;2023/2/22;-9;-16
2170;51;2023/2/23;-6;-12
2171;51;2023/2/24;-3;-2
2172;51;2023/2/25;+2;+1
2173;51;2023/2/26;+3;+2
2174;51;2023/2/27;-1;-4
2175;51;2023/2/28;-1;-2
2176;52;2023/3/1;+8;+3
2177;52;2023/3/2;+9;+4
2178;52;2023/3/3;+9;+5
2179;52;2023/3/4;+7;+8
2180;52;2023/3/5;+9;+9
2181;52;2023/3/6;+9;+3
2182;52;2023/3/7;+9;+9
2183;52;2023/2/1;+8;+3
2184;52;2023/2/2;+7;+3
2185;52;2023/2/3;+7;+6
2186;52;2023/2/4;+7;+4
2187;52;2023/2/5;+4;+4
2188;52;2023/2/6;0;-1
2189;52;2023/2/7;-7;-5
2190;52;2023/2/8;-5;-6
2191;52;2023/2/9;-2;-5
2192;52;2023/2/10;+6;0
2193;52;2023/2/11;+5;-1
2194;52;2023/2/12;+6;+2
2195;52;2023/2/13;+2;-1
2196;52;2023/2/14;+6;+3
2197;52;2023/2/15;+5;+1
2198;52;2023/2/16;+2;-2
2199;52;2023/2/17;+8;+8
2200;52;2023/2/18;+9;+9
2201;52;2023/2/19;+9;+9
2202;52;2023/2/20;+5;+2
2203;52;2023/2/21;+9;+9
2204;52;2023/2/22;+8;+4
2205;52;2023/2/23;+1;-3
2206;52;2023/2/24;+7;+6
2207;52;2023/2/25;+10;+10
2208;52;2023/2/26;+14;+13
2209;52;2023/2/27;+15;+11
2210;52;2023/2/28;+12;+6
2211;53;2023/3/1;-4;-5
2212;53;2023/3/2;-4;-4
2213;53;2023/3/3;-1;-4
2214;53;2023/3/4;0;-3
2215;53;2023/3/5;-5;-7
2216;53;2023/3/6;-4;-5
2217;53;2023/3/7;-2;-10
2218;53;2023/2/1;0;-1
2219;53;2023/2/2;-2;-3
2220;53;2023/2/3;-2;-3
2221;53;2023/2/4;-1;-3
2222;53;2023/2/5;-7;-7
2223;53;2023/2/6;-8;-9
2224;53;2023/2/7;-7;-7
2225;53;2023/2/8;-3;-3
2226;53;2023/2/9;-1;-2
2227;53;2023/2/10;-2;-3
2228;53;2023/2/11;-3;-4
2229;53;2023/2/12;-7;-13
2230;53;2023/2/13;-1;0
2231;53;2023/2/14;0;-3
2232;53;2023/2/15;-4;-7
2233;53;2023/2/16;-7;-17
2234;53;2023/2/17;-5;-9
2235;53;2023/2/18;-7;-8
2236;53;2023/2/19;-7;-11
2237;53;2023/2/20;-11;-17
2238;53;2023/2/21;-13;-19
2239;53;2023/2/22;-13;-15
2240;53;2023/2/23;-10;-17
2241;53;2023/2/24;-6;-7
2242;53;2023/2/25;-5;-6
2243;53;2023/2/26;-1;-2
2244;53;2023/2/27;-8;-14
2245;53;2023/2/28;-2;-5
2246;54;2023/3/1;+3;+2
2247;54;2023/3/2;+2;+1
2248;54;2023/3/3;+4;+2
2249;54;2023/3/4;+4;+4
2250;54;2023/3/5;+4;+3
2251;54;2023/3/6;+8;+2
2252;54;2023/3/7;+4;+4
2253;54;2023/2/1;-1;0
2254;54;2023/2/2;0;0
2255;54;2023/2/3;+3;0
2256;54;2023/2/4;+2;-1
2257;54;2023/2/5;-1;0
2258;54;2023/2/6;-1;-4
2259;54;2023/2/7;-5;-4
2260;54;2023/2/8;-2;-7
2261;54;2023/2/9;-2;-4
2262;54;2023/2/10;-1;-4
2263;54;2023/2/11;0;-3
2264;54;2023/2/12;-1;-2
2265;54;2023/2/13;0;-1
2266;54;2023/2/14;0;+2
2267;54;2023/2/15;+1;-2
2268;54;2023/2/16;-1;-4
2269;54;2023/2/17;-2;-3
2270;54;2023/2/18;-1;+2
2271;54;2023/2/19;+2;0
2272;54;2023/2/20;+4;0
2273;54;2023/2/21;+3;+1
2274;54;2023/2/22;+1;-3
2275;54;2023/2/23;-2;-5
2276;54;2023/2/24;-1;-2
2277;54;2023/2/25;+3;+5
2278;54;2023/2/26;+7;+6
2279;54;2023/2/27;+14;+5
2280;54;2023/2/28;+4;+3
2281;55;2023/3/1;-5;-5
2282;55;2023/3/2;-8;-10
2283;55;2023/3/3;-2;-3
2284;55;2023/3/4;+2;-2
2285;55;2023/3/5;0;-2
2286;55;2023/3/6;-3;-4
2287;55;2023/3/7;-1;-6
2288;55;2023/2/1;-1;-6
2289;55;2023/2/2;-6;-7
2290;55;2023/2/3;-5;-7
2291;55;2023/2/4;-5;-6
2292;55;2023/2/5;-8;-12
2293;55;2023/2/6;-10;-15
2294;55;2023/2/7;-11;-12
2295;55;2023/2/8;-6;-6
2296;55;2023/2/9;-3;-4
2297;55;2023/2/10;-4;-5
2298;55;2023/2/11;-2;-5
2299;55;2023/2/12;-6;-7
2300;55;2023/2/13;-6;-8
2301;55;2023/2/14;-5;-11
2302;55;2023/2/15;-5;-7
2303;55;2023/2/16;-7;-5
2304;55;2023/2/17;-5;-9
2305;55;2023/2/18;-11;-16
2306;55;2023/2/19;-10;-14
2307;55;2023/2/20;-12;-12
2308;55;2023/2/21;-11;-17
2309;55;2023/2/22;-12;-16
2310;55;2023/2/23;-11;-13
2311;55;2023/2/24;-9;-12
2312;55;2023/2/25;-4;-4
2313;55;2023/2/26;0;+1
2314;55;2023/2/27;0;-2
2315;55;2023/2/28;-3;-4
2316;56;2023/3/1;-4;-4
2317;56;2023/3/2;-3;-4
2318;56;2023/3/3;+1;-4
2319;56;2023/3/4;+2;-2
2320;56;2023/3/5;-1;-3
2321;56;2023/3/6;-1;-5
2322;56;2023/3/7;-2;-4
2323;56;2023/2/1;-1;-3
2324;56;2023/2/2;-2;-2
2325;56;2023/2/3;-2;-1
2326;56;2023/2/4;0;-1
2327;56;2023/2/5;-2;-3
2328;56;2023/2/6;-4;-6
2329;56;2023/2/7;-5;-6
2330;56;2023/2/8;-4;-4
2331;56;2023/2/9;-2;-3
2332;56;2023/2/10;-1;-2
2333;56;2023/2/11;-2;-3
2334;56;2023/2/12;-4;-7
2335;56;2023/2/13;-6;-4
2336;56;2023/2/14;-1;-2
2337;56;2023/2/15;-3;-4
2338;56;2023/2/16;-5;-7
2339;56;2023/2/17;-5;-12
2340;56;2023/2/18;-6;-7
2341;56;2023/2/19;-7;-8
2342;56;2023/2/20;-11;-14
2343;56;2023/2/21;-13;-14
2344;56;2023/2/22;-12;-15
2345;56;2023/2/23;-9;-12
2346;56;2023/2/24;-7;-7
2347;56;2023/2/25;-2;0
2348;56;2023/2/26;+2;+1
2349;56;2023/2/27;-4;-7
2350;56;2023/2/28;-4;-3
2351;57;2023/3/1;-4;-4
2352;57;2023/3/2;-3;-4
2353;57;2023/3/3;+1;-1
2354;57;2023/3/4;0;-2
2355;57;2023/3/5;-2;-4
2356;57;2023/3/6;-1;-5
2357;57;2023/3/7;-2;-4
2358;57;2023/2/1;-1;-2
2359;57;2023/2/2;-1;-2
2360;57;2023/2/3;-1;-1
2361;57;2023/2/4;+1;-1
2362;57;2023/2/5;-1;-3
2363;57;2023/2/6;-5;-7
2364;57;2023/2/7;-6;-6
2365;57;2023/2/8;-5;-5
2366;57;2023/2/9;-3;-3
2367;57;2023/2/10;-2;-3
2368;57;2023/2/11;-1;-4
2369;57;2023/2/12;-4;-7
2370;57;2023/2/13;-6;-4
2371;57;2023/2/14;-1;-2
2372;57;2023/2/15;-3;-4
2373;57;2023/2/16;-6;-9
2374;57;2023/2/17;-4;-6
2375;57;2023/2/18;-4;-5
2376;57;2023/2/19;-6;-7
2377;57;2023/2/20;-10;-15
2378;57;2023/2/21;-14;-16
2379;57;2023/2/22;-14;-14
2380;57;2023/2/23;-9;-12
2381;57;2023/2/24;-7;-6
2382;57;2023/2/25;+1;0
2383;57;2023/2/26;+2;-1
2384;57;2023/2/27;-3;-5
2385;57;2023/2/28;-4;-3
2386;58;2023/3/1;-4;-5
2387;58;2023/3/2;-4;-8
2388;58;2023/3/3;-9;-9
2389;58;2023/3/4;-3;-2
2390;58;2023/3/5;-2;-1
2391;58;2023/3/6;-1;-3
2392;58;2023/3/7;-2;-3
2393;58;2023/3/8;-2;
2394;58;2023/2/1;-4;-9
2395;58;2023/2/2;-9;-14
2396;58;2023/2/3;-10;-15
2397;58;2023/2/4;-8;-15
2398;58;2023/2/5;-9;-12
2399;58;2023/2/6;-6;-7
2400;58;2023/2/7;-7;-9
2401;58;2023/2/8;-9;-14
2402;58;2023/2/9;-8;-9
2403;58;2023/2/10;-5;-6
2404;58;2023/2/11;-7;-11
2405;58;2023/2/12;-7;-13
2406;58;2023/2/13;-10;-12
2407;58;2023/2/14;-6;-11
2408;58;2023/2/15;-13;-15
2409;58;2023/2/16;-10;-11
2410;58;2023/2/17;-10;-14
2411;58;2023/2/18;-13;-18
2412;58;2023/2/19;-17;-20
2413;58;2023/2/20;-15;-15
2414;58;2023/2/21;-12;-12
2415;58;2023/2/22;-6;-8
2416;58;2023/2/23;-7;-13
2417;58;2023/2/24;-11;-14
2418;58;2023/2/25;-9;-10
2419;58;2023/2/26;-4;-4
2420;58;2023/2/27;-1;+2
2421;58;2023/2/28;0;-3
2422;59;2023/3/1;-4;-10
2423;59;2023/3/2;-5;-8
2424;59;2023/3/3;-6;-13
2425;59;2023/3/4;-8;-12
2426;59;2023/3/5;-7;-17
2427;59;2023/3/6;-9;-17
2428;59;2023/3/7;-6;-8
2429;59;2023/2/1;-3;-4
2430;59;2023/2/2;-3;-2
2431;59;2023/2/3;-3;-4
2432;59;2023/2/4;-4;-6
2433;59;2023/2/5;-10;-11
2434;59;2023/2/6;-9;-9
2435;59;2023/2/7;-4;-2
2436;59;2023/2/8;0;-2
2437;59;2023/2/9;+2;+1
2438;59;2023/2/10;-2;-4
2439;59;2023/2/11;-5;-6
2440;59;2023/2/12;-6;-10
2441;59;2023/2/13;-1;-1
2442;59;2023/2/14;-1;-6
2443;59;2023/2/15;-7;-11
2444;59;2023/2/16;-9;-9
2445;59;2023/2/17;-6;-8
2446;59;2023/2/18;-5;-8
2447;59;2023/2/19;-8;-11
2448;59;2023/2/20;-12;-15
2449;59;2023/2/21;-11;-20
2450;59;2023/2/22;-9;-14
2451;59;2023/2/23;;-8
2452;59;2023/2/24;-11;-12
2453;59;2023/2/25;-9;-21
2454;59;2023/2/26;-11;-20
2455;59;2023/2/27;-9;-6
2456;59;2023/2/28;-4;-4
2457;60;2023/3/1;-3;-5
2458;60;2023/3/2;-4;-9
2459;60;2023/3/3;-9;-15
2460;60;2023/3/4;-3;-3
2461;60;2023/3/5;+1;-2
2462;60;2023/3/6;+1;-4
2463;60;2023/3/7;-2;-8
2464;60;2023/3/8;+1;
2465;60;2023/2/1;0;-4
2466;60;2023/2/2;-7;-12
2467;60;2023/2/3;-9;-14
2468;60;2023/2/4;-10;-15
2469;60;2023/2/5;-10;-11
2470;60;2023/2/6;-6;-10
2471;60;2023/2/7;-10;-16
2472;60;2023/2/8;-10;-11
2473;60;2023/2/9;-4;-5
2474;60;2023/2/10;-3;-4
2475;60;2023/2/11;-4;-10
2476;60;2023/2/12;-5;-12
2477;60;2023/2/13;-6;-13
2478;60;2023/2/14;-5;-11
2479;60;2023/2/15;-11;-16
2480;60;2023/2/16;-10;-16
2481;60;2023/2/17;-12;-14
2482;60;2023/2/18;-12;-17
2483;60;2023/2/19;-14;-20
2484;60;2023/2/20;-17;-14
2485;60;2023/2/21;-10;-9
2486;60;2023/2/22;-9;-15
2487;60;2023/2/23;-8;-12
2488;60;2023/2/24;-9;-12
2489;60;2023/2/25;-8;-10
2490;60;2023/2/26;-1;-2
2491;60;2023/2/27;-1;-1
2492;60;2023/2/28;0;-3
2493;61;2023/3/1;+1;-2
2494;61;2023/3/2;+3;+2
2495;61;2023/3/3;+2;+1
2496;61;2023/3/4;0;-1
2497;61;2023/3/5;+1;-3
2498;61;2023/3/6;-2;-4
2499;61;2023/3/7;-2;-6
2500;61;2023/2/1;0;0
2501;61;2023/2/2;-1;-2
2502;61;2023/2/3;-2;-4
2503;61;2023/2/4;-2;-2
2504;61;2023/2/5;-4;-10
2505;61;2023/2/6;-1;-2
2506;61;2023/2/7;-2;-3
2507;61;2023/2/8;-1;0
2508;61;2023/2/9;0;-1
2509;61;2023/2/10;+2;+1
2510;61;2023/2/11;-2;-2
2511;61;2023/2/12;-2;-2
2512;61;2023/2/13;+3;+2
2513;61;2023/2/14;+2;-3
2514;61;2023/2/15;-1;-1
2515;61;2023/2/16;-3;-6
2516;61;2023/2/17;-4;-3
2517;61;2023/2/18;-3;-5
2518;61;2023/2/19;-4;-5
2519;61;2023/2/20;-5;-6
2520;61;2023/2/21;-9;-11
2521;61;2023/2/22;-8;-12
2522;61;2023/2/23;-13;-9
2523;61;2023/2/24;-4;-4
2524;61;2023/2/25;-2;-3
2525;61;2023/2/26;-4;-5
2526;61;2023/2/27;-3;-10
2527;61;2023/2/28;+1;-2
2528;62;2023/3/1;+3;+2
2529;62;2023/3/2;+5;+2
2530;62;2023/3/3;+3;+1
2531;62;2023/3/4;+1;0
2532;62;2023/3/5;-1;-2
2533;62;2023/3/6;0;-5
2534;62;2023/3/7;0;-3
2535;62;2023/2/1;+1;0
2536;62;2023/2/2;0;0
2537;62;2023/2/3;-3;-4
2538;62;2023/2/4;-3;-3
2539;62;2023/2/5;-6;-8
2540;62;2023/2/6;0;-1
2541;62;2023/2/7;-1;-3
2542;62;2023/2/8;+2;+1
2543;62;2023/2/9;0;-2
2544;62;2023/2/10;+2;0
2545;62;2023/2/11;+1;-2
2546;62;2023/2/12;0;0
2547;62;2023/2/13;+5;+4
2548;62;2023/2/14;+2;+1
2549;62;2023/2/15;+5;+1
2550;62;2023/2/16;+1;0
2551;62;2023/2/17;-1;-1
2552;62;2023/2/18;-1;-2
2553;62;2023/2/19;0;-3
2554;62;2023/2/20;-3;-3
2555;62;2023/2/21;-5;-9
2556;62;2023/2/22;-10;-15
2557;62;2023/2/23;-10;-7
2558;62;2023/2/24;-1;-2
2559;62;2023/2/25;-1;-3
2560;62;2023/2/26;-4;-5
2561;62;2023/2/27;-4;-11
2562;62;2023/2/28;+3;-1
2563;63;2023/3/1;-10;-14
2564;63;2023/3/2;-13;-18
2565;63;2023/3/3;-9;-9
2566;63;2023/3/4;-7;-12
2567;63;2023/3/5;-8;-10
2568;63;2023/3/6;-8;-18
2569;63;2023/3/7;-6;-13
2570;63;2023/2/1;-2;-2
2571;63;2023/2/2;-4;-6
2572;63;2023/2/3;-6;-7
2573;63;2023/2/4;-7;-9
2574;63;2023/2/5;-9;-15
2575;63;2023/2/6;-10;-12
2576;63;2023/2/7;-9;-8
2577;63;2023/2/8;-3;-2
2578;63;2023/2/9;-3;-2
2579;63;2023/2/10;-3;-3
2580;63;2023/2/11;-3;-4
2581;63;2023/2/12;-4;-6
2582;63;2023/2/13;-6;-7
2583;63;2023/2/14;-6;-7
2584;63;2023/2/15;-6;-10
2585;63;2023/2/16;-9;-18
2586;63;2023/2/17;-10;-19
2587;63;2023/2/18;-8;-20
2588;63;2023/2/19;-10;-14
2589;63;2023/2/20;-11;-15
2590;63;2023/2/21;-12;-15
2591;63;2023/2/22;-12;-15
2592;63;2023/2/23;-12;-15
2593;63;2023/2/24;-8;-12
2594;63;2023/2/25;-8;-12
2595;63;2023/2/26;-6;-6
2596;63;2023/2/27;-7;-9
2597;63;2023/2/28;-3;-6
2598;64;2023/3/1;-3;-4
2599;64;2023/3/2;-4;-3
2600;64;2023/3/3;0;-1
2601;64;2023/3/4;-1;-1
2602;64;2023/3/5;-4;-6
2603;64;2023/3/6;-4;-5
2604;64;2023/3/7;-3;-11
2605;64;2023/2/1;0;-2
2606;64;2023/2/2;-2;-2
2607;64;2023/2/3;-2;-2
2608;64;2023/2/4;-1;-2
2609;64;2023/2/5;-6;-8
2610;64;2023/2/6;-9;-10
2611;64;2023/2/7;-6;-5
2612;64;2023/2/8;-3;-3
2613;64;2023/2/9;0;-1
2614;64;2023/2/10;-4;-2
2615;64;2023/2/11;-3;-4
2616;64;2023/2/12;-4;-10
2617;64;2023/2/13;+1;0
2618;64;2023/2/14;-1;-2
2619;64;2023/2/15;-3;-6
2620;64;2023/2/16;-6;-9
2621;64;2023/2/17;-7;-8
2622;64;2023/2/18;-3;-6
2623;64;2023/2/19;-5;-8
2624;64;2023/2/20;-9;-16
2625;64;2023/2/21;-12;-16
2626;64;2023/2/22;-11;-14
2627;64;2023/2/23;-7;-14
2628;64;2023/2/24;-6;-6
2629;64;2023/2/25;-4;-5
2630;64;2023/2/26;-1;-4
2631;64;2023/2/27;-4;-8
2632;64;2023/2/28;-1;-4
2633;65;2023/3/1;0;-4
2634;65;2023/3/2;-1;-3
2635;65;2023/3/3;+1;+1
2636;65;2023/3/4;+1;+1
2637;65;2023/3/5;+1;0
2638;65;2023/3/6;+2;-1
2639;65;2023/3/7;+1;-4
2640;65;2023/2/1;-5;-15
2641;65;2023/2/2;-6;-12
2642;65;2023/2/3;-4;-6
2643;65;2023/2/4;-7;-10
2644;65;2023/2/5;-11;-17
2645;65;2023/2/6;-10;-17
2646;65;2023/2/7;-9;-14
2647;65;2023/2/8;-7;-12
2648;65;2023/2/9;-4;-11
2649;65;2023/2/10;-5;-6
2650;65;2023/2/11;-4;-11
2651;65;2023/2/12;-4;-6
2652;65;2023/2/13;-2;-6
2653;65;2023/2/14;-5;-6
2654;65;2023/2/15;-8;-9
2655;65;2023/2/16;-8;-7
2656;65;2023/2/17;-6;-10
2657;65;2023/2/18;-6;-16
2658;65;2023/2/19;-11;-12
2659;65;2023/2/20;-7;-6
2660;65;2023/2/21;-3;-4
2661;65;2023/2/22;-4;-7
2662;65;2023/2/23;-10;-13
2663;65;2023/2/24;-9;-8
2664;65;2023/2/25;-3;-1
2665;65;2023/2/26;+2;+2
2666;65;2023/2/27;+4;+2
2667;65;2023/2/28;-1;-3
2668;66;2023/3/1;+7;+3
2669;66;2023/3/2;+2;-3
2670;66;2023/3/3;+6;-1
2671;66;2023/3/4;+6;+3
2672;66;2023/3/5;+12;+5
2673;66;2023/3/6;+7;+6
2674;66;2023/3/7;+8;+3
2675;66;2023/2/1;+5;-3
2676;66;2023/2/2;+4;0
2677;66;2023/2/3;0;-1
2678;66;2023/2/4;0;-6
2679;66;2023/2/5;-1;-2
2680;66;2023/2/6;-6;-6
2681;66;2023/2/7;-4;-4
2682;66;2023/2/8;-5;-8
2683;66;2023/2/9;-5;-9
2684;66;2023/2/10;-2;-10
2685;66;2023/2/11;+2;-4
2686;66;2023/2/12;-1;-4
2687;66;2023/2/13;-2;-5
2688;66;2023/2/14;0;+1
2689;66;2023/2/15;+2;-1
2690;66;2023/2/16;-5;-7
2691;66;2023/2/17;-4;-8
2692;66;2023/2/18;-2;-3
2693;66;2023/2/19;+4;+2
2694;66;2023/2/20;+6;+3
2695;66;2023/2/21;+3;+2
2696;66;2023/2/22;+4;-3
2697;66;2023/2/23;-4;-7
2698;66;2023/2/24;0;-4
2699;66;2023/2/25;+3;+3
2700;66;2023/2/26;+9;+1
2701;66;2023/2/27;+11;+1
2702;66;2023/2/28;+14;+9
2703;67;2023/3/1;-1;-4
2704;67;2023/3/2;+1;-2
2705;67;2023/3/3;-3;-3
2706;67;2023/3/4;-1;-5
2707;67;2023/3/5;-5;-5
2708;67;2023/3/6;-7;-11
2709;67;2023/3/7;-11;-13
2710;67;2023/2/1;-4;-1
2711;67;2023/2/2;-3;-5
2712;67;2023/2/3;-13;-15
2713;67;2023/2/4;-15;-17
2714;67;2023/2/5;-11;-12
2715;67;2023/2/6;-3;-6
2716;67;2023/2/7;+2;+4
2717;67;2023/2/8;+2;+3
2718;67;2023/2/9;+1;+1
2719;67;2023/2/10;-1;-4
2720;67;2023/2/11;-7;-5
2721;67;2023/2/12;-4;-4
2722;67;2023/2/13;+2;0
2723;67;2023/2/14;-4;-3
2724;67;2023/2/15;-1;-2
2725;67;2023/2/16;0;-1
2726;67;2023/2/17;0;-3
2727;67;2023/2/18;-2;-3
2728;67;2023/2/19;-4;-5
2729;67;2023/2/20;-7;-10
2730;67;2023/2/21;-13;-16
2731;67;2023/2/22;-17;-18
2732;67;2023/2/23;-11;-10
2733;67;2023/2/24;-9;-14
2734;67;2023/2/25;-15;-17
2735;67;2023/2/26;-14;-14
2736;67;2023/2/27;-2;-1
2737;67;2023/2/28;-4;-2
2738;68;2023/3/1;-4;-8
2739;68;2023/3/2;-4;-6
2740;68;2023/3/3;0;-2
2741;68;2023/3/4;0;-1
2742;68;2023/3/5;-2;-4
2743;68;2023/3/6;-2;-6
2744;68;2023/3/7;-3;-7
2745;68;2023/2/1;-3;-5
2746;68;2023/2/2;-3;-4
2747;68;2023/2/3;-3;-4
2748;68;2023/2/4;-2;-8
2749;68;2023/2/5;-7;-12
2750;68;2023/2/6;-9;-13
2751;68;2023/2/7;-11;-13
2752;68;2023/2/8;-9;-8
2753;68;2023/2/9;-6;-11
2754;68;2023/2/10;-7;-5
2755;68;2023/2/11;-3;-7
2756;68;2023/2/12;-4;-6
2757;68;2023/2/13;-6;-8
2758;68;2023/2/14;-5;-8
2759;68;2023/2/15;-8;-9
2760;68;2023/2/16;-8;-8
2761;68;2023/2/17;-5;-5
2762;68;2023/2/18;-5;-7
2763;68;2023/2/19;-7;-9
2764;68;2023/2/20;-6;-7
2765;68;2023/2/21;-5;-7
2766;68;2023/2/22;-11;-13
2767;68;2023/2/23;-12;-12
2768;68;2023/2/24;-9;-8
2769;68;2023/2/25;-3;-1
2770;68;2023/2/26;+1;+2
2771;68;2023/2/27;-2;-3
2772;68;2023/2/28;-2;-3
2773;69;2023/3/1;-5;-8
2774;69;2023/3/2;-5;-6
2775;69;2023/3/3;-5;-7
2776;69;2023/3/4;-2;0
2777;69;2023/3/5;+7;+6
2778;69;2023/3/6;+6;+3
2779;69;2023/3/7;+1;-1
2780;69;2023/3/8;+1;
2781;69;2023/2/1;-13;-17
2782;69;2023/2/2;-14;-17
2783;69;2023/2/3;-17;-17
2784;69;2023/2/4;-14;-16
2785;69;2023/2/5;-12;-14
2786;69;2023/2/6;-13;-16
2787;69;2023/2/7;-12;-14
2788;69;2023/2/8;-16;-18
2789;69;2023/2/9;-16;-16
2790;69;2023/2/10;-11;-17
2791;69;2023/2/11;-10;-13
2792;69;2023/2/12;-10;-12
2793;69;2023/2/13;-11;-12
2794;69;2023/2/14;-13;-17
2795;69;2023/2/15;-15;-16
2796;69;2023/2/16;-10;-11
2797;69;2023/2/17;-4;-11
2798;69;2023/2/18;-8;-11
2799;69;2023/2/19;-11;-18
2800;69;2023/2/20;-9;-12
2801;69;2023/2/21;-9;-12
2802;69;2023/2/22;-9;-9
2803;69;2023/2/23;-6;-9
2804;69;2023/2/24;-8;-9
2805;69;2023/2/25;-7;-11
2806;69;2023/2/26;-7;-9
2807;69;2023/2/27;+2;+1
2808;69;2023/2/28;-4;-4
2809;70;2023/3/1;+5;+5
2810;70;2023/3/2;+5;+1
2811;70;2023/3/3;+8;+3
2812;70;2023/3/4;+9;+8
2813;70;2023/3/5;+9;+9
2814;70;2023/3/6;+7;+5
2815;70;2023/3/7;+9;+9
2816;70;2023/2/1;+3;+1
2817;70;2023/2/2;+6;+2
2818;70;2023/2/3;+8;+5
2819;70;2023/2/4;+7;+4
2820;70;2023/2/5;+4;+3
2821;70;2023/2/6;+1;-1
2822;70;2023/2/7;-6;-6
2823;70;2023/2/8;-5;-5
2824;70;2023/2/9;-2;-5
2825;70;2023/2/10;0;-4
2826;70;2023/2/11;+1;+2
2827;70;2023/2/12;+6;+2
2828;70;2023/2/13;+1;+3
2829;70;2023/2/14;+5;+2
2830;70;2023/2/15;+2;+1
2831;70;2023/2/16;+1;-1
2832;70;2023/2/17;+8;+8
2833;70;2023/2/18;+8;+9
2834;70;2023/2/19;+9;+8
2835;70;2023/2/20;+3;+5
2836;70;2023/2/21;+9;+9
2837;70;2023/2/22;+6;+4
2838;70;2023/2/23;0;-4
2839;70;2023/2/24;+6;+6
2840;70;2023/2/25;+10;+9
2841;70;2023/2/26;+13;+12
2842;70;2023/2/27;+13;+12
2843;70;2023/2/28;+7;+4
2844;71;2023/3/1;+1;-3
2845;71;2023/3/2;0;-2
2846;71;2023/3/3;+3;-3
2847;71;2023/3/4;+3;-1
2848;71;2023/3/5;+1;+1
2849;71;2023/3/6;0;0
2850;71;2023/3/7;+8;+3
2851;71;2023/3/8;+4;
2852;71;2023/2/1;-7;-11
2853;71;2023/2/2;-7;-9
2854;71;2023/2/3;-8;-10
2855;71;2023/2/4;-6;-7
2856;71;2023/2/5;-1;-2
2857;71;2023/2/6;-6;-9
2858;71;2023/2/7;-5;-7
2859;71;2023/2/8;-5;-9
2860;71;2023/2/9;-5;-8
2861;71;2023/2/10;-4;-4
2862;71;2023/2/11;-1;-2
2863;71;2023/2/12;-3;-7
2864;71;2023/2/13;-6;-10
2865;71;2023/2/14;-9;-13
2866;71;2023/2/15;-11;-13
2867;71;2023/2/16;-4;-4
2868;71;2023/2/17;0;+1
2869;71;2023/2/18;-1;-1
2870;71;2023/2/19;-5;-7
2871;71;2023/2/20;-6;-9
2872;71;2023/2/21;-5;-7
2873;71;2023/2/22;-3;-4
2874;71;2023/2/23;+1;-1
2875;71;2023/2/24;-5;-6
2876;71;2023/2/25;-4;-5
2877;71;2023/2/26;+2;-1
2878;71;2023/2/27;+4;-1
2879;71;2023/2/28;+8;+4
2880;72;2023/3/1;-2;-6
2881;72;2023/3/2;-1;-2
2882;72;2023/3/3;+3;+1
2883;72;2023/3/4;+2;0
2884;72;2023/3/5;-1;-1
2885;72;2023/3/6;-1;-4
2886;72;2023/3/7;+3;+1
2887;72;2023/2/1;-1;-2
2888;72;2023/2/2;-2;-1
2889;72;2023/2/3;0;-1
2890;72;2023/2/4;-2;-4
2891;72;2023/2/5;-3;-6
2892;72;2023/2/6;-4;-5
2893;72;2023/2/7;-7;-13
2894;72;2023/2/8;-8;-11
2895;72;2023/2/9;-5;-5
2896;72;2023/2/10;-2;-6
2897;72;2023/2/11;-2;-3
2898;72;2023/2/12;-5;-5
2899;72;2023/2/13;-4;-3
2900;72;2023/2/14;+1;-2
2901;72;2023/2/15;-2;-4
2902;72;2023/2/16;-5;-6
2903;72;2023/2/17;-8;-13
2904;72;2023/2/18;-8;-8
2905;72;2023/2/19;+2;+1
2906;72;2023/2/20;-2;-2
2907;72;2023/2/21;-1;-3
2908;72;2023/2/22;-13;-14
2909;72;2023/2/23;-11;-15
2910;72;2023/2/24;-4;-2
2911;72;2023/2/25;+1;+2
2912;72;2023/2/26;+3;+2
2913;72;2023/2/27;+1;-2
2914;72;2023/2/28;-3;-4
2915;73;2023/3/1;+7;+5
2916;73;2023/3/2;+9;+3
2917;73;2023/3/3;+10;+6
2918;73;2023/3/4;+8;+8
2919;73;2023/3/5;+9;+9
2920;73;2023/3/6;+8;+4
2921;73;2023/3/7;+9;+9
2922;73;2023/2/1;+8;+5
2923;73;2023/2/2;+7;+4
2924;73;2023/2/3;+7;+7
2925;73;2023/2/4;+6;+4
2926;73;2023/2/5;+5;+4
2927;73;2023/2/6;+1;-1
2928;73;2023/2/7;-6;-3
2929;73;2023/2/8;-4;-5
2930;73;2023/2/9;+1;0
2931;73;2023/2/10;+5;+3
2932;73;2023/2/11;+5;+1
2933;73;2023/2/12;+7;+2
2934;73;2023/2/13;+2;0
2935;73;2023/2/14;+6;+3
2936;73;2023/2/15;+4;+2
2937;73;2023/2/16;+2;-1
2938;73;2023/2/17;+8;+8
2939;73;2023/2/18;+9;+9
2940;73;2023/2/19;+9;+9
2941;73;2023/2/20;+5;+2
2942;73;2023/2/21;+8;+9
2943;73;2023/2/22;+8;+4
2944;73;2023/2/23;+1;-2
2945;73;2023/2/24;+6;+7
2946;73;2023/2/25;+9;+10
2947;73;2023/2/26;+12;+12
2948;73;2023/2/27;+14;+13
2949;73;2023/2/28;+12;+9
2950;74;2023/3/1;-3;-8
2951;74;2023/3/2;-4;-7
2952;74;2023/3/3;-9;-14
2953;74;2023/3/4;-14;-17
2954;74;2023/3/5;-9;-8
2955;74;2023/3/6;-4;-5
2956;74;2023/3/7;-11;-22
2957;74;2023/3/8;-21;
2958;74;2023/2/1;-8;-7
2959;74;2023/2/2;-5;-12
2960;74;2023/2/3;-6;-12
2961;74;2023/2/4;-12;-17
2962;74;2023/2/5;-12;-22
2963;74;2023/2/6;-18;-19
2964;74;2023/2/7;-22;-26
2965;74;2023/2/8;-22;-18
2966;74;2023/2/9;-10;-11
2967;74;2023/2/10;-13;-14
2968;74;2023/2/11;-11;-13
2969;74;2023/2/12;-13;-15
2970;74;2023/2/13;-14;-14
2971;74;2023/2/14;-15;-15
2972;74;2023/2/15;-10;-18
2973;74;2023/2/16;-9;-12
2974;74;2023/2/17;-9;-12
2975;74;2023/2/18;-13;-18
2976;74;2023/2/19;-13;-15
2977;74;2023/2/20;-12;-21
2978;74;2023/2/21;-12;-14
2979;74;2023/2/22;0;+1
2980;74;2023/2/23;+2;-2
2981;74;2023/2/24;-2;-7
2982;74;2023/2/25;-12;-13
2983;74;2023/2/26;-10;-12
2984;74;2023/2/27;-10;-5
2985;74;2023/2/28;0;-3
2986;75;2023/3/1;-2;-4
2987;75;2023/3/2;-6;-10
2988;75;2023/3/3;-6;-6
2989;75;2023/3/4;-2;-4
2990;75;2023/3/5;-1;+1
2991;75;2023/3/6;+2;0
2992;75;2023/3/7;-2;-6
2993;75;2023/3/8;-2;
2994;75;2023/2/1;-18;-21
2995;75;2023/2/2;-16;-19
2996;75;2023/2/3;-15;-17
2997;75;2023/2/4;-16;-18
2998;75;2023/2/5;-11;-13
2999;75;2023/2/6;-12;-14
3000;75;2023/2/7;-16;-18
3001;75;2023/2/8;-12;-16
3002;75;2023/2/9;-11;-13
3003;75;2023/2/10;-9;-9
3004;75;2023/2/11;-9;-9
3005;75;2023/2/12;-12;-18
3006;75;2023/2/13;-15;-17
3007;75;2023/2/14;-14;-15
3008;75;2023/2/15;-9;-6
3009;75;2023/2/16;-6;-9
3010;75;2023/2/17;-14;-15
3011;75;2023/2/18;-12;-12
3012;75;2023/2/19;-11;-11
3013;75;2023/2/20;-8;-8
3014;75;2023/2/21;0;-2
3015;75;2023/2/22;-6;-1
3016;75;2023/2/23;-11;-14
3017;75;2023/2/24;-16;-19
3018;75;2023/2/25;-10;-10
3019;75;2023/2/26;-4;-9
3020;75;2023/2/27;0;-1
3021;75;2023/2/28;+2;0
3022;76;2023/3/1;-3;-3
3023;76;2023/3/2;-2;0
3024;76;2023/3/3;+2;0
3025;76;2023/3/4;0;-1
3026;76;2023/3/5;-1;-2
3027;76;2023/3/6;-1;-3
3028;76;2023/3/7;-3;-4
3029;76;2023/2/1;0;-1
3030;76;2023/2/2;-1;-1
3031;76;2023/2/3;0;-1
3032;76;2023/2/4;0;-1
3033;76;2023/2/5;-2;-3
3034;76;2023/2/6;-5;-6
3035;76;2023/2/7;-4;-10
3036;76;2023/2/8;-6;-5
3037;76;2023/2/9;-2;-2
3038;76;2023/2/10;-1;-2
3039;76;2023/2/11;-2;-1
3040;76;2023/2/12;-3;-6
3041;76;2023/2/13;0;0
3042;76;2023/2/14;+1;-1
3043;76;2023/2/15;-2;-3
3044;76;2023/2/16;-3;-4
3045;76;2023/2/17;-6;-10
3046;76;2023/2/18;-7;-7
3047;76;2023/2/19;-5;-1
3048;76;2023/2/20;-2;-4
3049;76;2023/2/21;-8;-12
3050;76;2023/2/22;-11;-14
3051;76;2023/2/23;-7;-9
3052;76;2023/2/24;-4;-3
3053;76;2023/2/25;+2;+1
3054;76;2023/2/26;+2;-2
3055;76;2023/2/27;-3;-4
3056;76;2023/2/28;-1;-1
3057;77;2023/3/1;-4;-4
3058;77;2023/3/2;-6;-7
3059;77;2023/3/3;-5;-5
3060;77;2023/3/4;0;-1
3061;77;2023/3/5;0;0
3062;77;2023/3/6;-2;-4
3063;77;2023/3/7;-2;-6
3064;77;2023/3/8;-4;
3065;77;2023/2/1;-8;-16
3066;77;2023/2/2;-4;-5
3067;77;2023/2/3;-6;-14
3068;77;2023/2/4;-8;-14
3069;77;2023/2/5;-6;-13
3070;77;2023/2/6;-9;-15
3071;77;2023/2/7;-13;-16
3072;77;2023/2/8;-12;-18
3073;77;2023/2/9;-7;-7
3074;77;2023/2/10;-7;-5
3075;77;2023/2/11;-8;-8
3076;77;2023/2/12;-8;-10
3077;77;2023/2/13;-6;-5
3078;77;2023/2/14;-3;-9
3079;77;2023/2/15;-6;-5
3080;77;2023/2/16;0;-1
3081;77;2023/2/17;-4;-6
3082;77;2023/2/18;-11;-18
3083;77;2023/2/19;-11;-14
3084;77;2023/2/20;-7;-6
3085;77;2023/2/21;-2;-4
3086;77;2023/2/22;-2;-4
3087;77;2023/2/23;-8;-12
3088;77;2023/2/24;-12;-16
3089;77;2023/2/25;-10;-6
3090;77;2023/2/26;-3;-3
3091;77;2023/2/27;+1;+1
3092;77;2023/2/28;0;-2
3093;78;2023/3/1;-15;-17
3094;78;2023/3/2;-17;-19
3095;78;2023/3/3;-12;-13
3096;78;2023/3/4;-14;-18
3097;78;2023/3/5;-14;-15
3098;78;2023/3/6;-13;-14
3099;78;2023/3/7;-13;-12
3100;78;2023/3/8;-13;
3101;78;2023/2/1;-2;-2
3102;78;2023/2/2;-2;-2
3103;78;2023/2/3;-8;-9
3104;78;2023/2/4;-8;-10
3105;78;2023/2/5;-11;-14
3106;78;2023/2/6;-11;-13
3107;78;2023/2/7;-13;-12
3108;78;2023/2/8;-4;-3
3109;78;2023/2/9;-2;-3
3110;78;2023/2/10;-2;-3
3111;78;2023/2/11;-4;-4
3112;78;2023/2/12;-5;-6
3113;78;2023/2/13;-6;-7
3114;78;2023/2/14;-8;-8
3115;78;2023/2/15;-7;-8
3116;78;2023/2/16;-9;-9
3117;78;2023/2/17;-11;-13
3118;78;2023/2/18;-14;-15
3119;78;2023/2/19;-16;-17
3120;78;2023/2/20;-18;-21
3121;78;2023/2/21;-16;-14
3122;78;2023/2/22;-16;-19
3123;78;2023/2/23;-17;-20
3124;78;2023/2/24;-13;-10
3125;78;2023/2/25;-10;-12
3126;78;2023/2/26;-8;-10
3127;78;2023/2/27;-8;-10
3128;78;2023/2/28;-8;-6
3129;79;2023/3/1;0;-3
3130;79;2023/3/2;0;-1
3131;79;2023/3/3;+2;+2
3132;79;2023/3/4;+5;+1
3133;79;2023/3/5;+5;+1
3134;79;2023/3/6;+3;-1
3135;79;2023/3/7;+3;+4
3136;79;2023/2/1;-1;-1
3137;79;2023/2/2;+1;-2
3138;79;2023/2/3;-1;-2
3139;79;2023/2/4;-2;-3
3140;79;2023/2/5;-4;-5
3141;79;2023/2/6;-7;-9
3142;79;2023/2/7;-5;-9
3143;79;2023/2/8;-4;-10
3144;79;2023/2/9;-4;-12
3145;79;2023/2/10;-4;-10
3146;79;2023/2/11;-5;-10
3147;79;2023/2/12;-2;-1
3148;79;2023/2/13;-3;-7
3149;79;2023/2/14;+1;0
3150;79;2023/2/15;-5;-11
3151;79;2023/2/16;-7;-11
3152;79;2023/2/17;-7;-15
3153;79;2023/2/18;-5;-5
3154;79;2023/2/19;+2;-2
3155;79;2023/2/20;+1;-2
3156;79;2023/2/21;+1;+1
3157;79;2023/2/22;-7;-11
3158;79;2023/2/23;-10;-13
3159;79;2023/2/24;-6;-10
3160;79;2023/2/25;0;+1
3161;79;2023/2/26;+4;+5
3162;79;2023/2/27;+9;+6
3163;79;2023/2/28;+2;-1
3164;80;2023/3/1;-4;-4
3165;80;2023/3/2;-3;-4
3166;80;2023/3/3;0;-1
3167;80;2023/3/4;+1;-2
3168;80;2023/3/5;-2;-4
3169;80;2023/3/6;-2;-6
3170;80;2023/3/7;-2;-5
3171;80;2023/2/1;0;-1
3172;80;2023/2/2;-2;-2
3173;80;2023/2/3;-2;-2
3174;80;2023/2/4;0;-1
3175;80;2023/2/5;-2;-4
3176;80;2023/2/6;-7;-7
3177;80;2023/2/7;-6;-7
3178;80;2023/2/8;-4;-4
3179;80;2023/2/9;-2;-2
3180;80;2023/2/10;-1;-2
3181;80;2023/2/11;-1;-3
3182;80;2023/2/12;-6;-7
3183;80;2023/2/13;-4;-3
3184;80;2023/2/14;-1;-2
3185;80;2023/2/15;-3;-4
3186;80;2023/2/16;-5;-11
3187;80;2023/2/17;-4;-9
3188;80;2023/2/18;-6;-8
3189;80;2023/2/19;-7;-9
3190;80;2023/2/20;-10;-15
3191;80;2023/2/21;-14;-15
3192;80;2023/2/22;-12;-14
3193;80;2023/2/23;-9;-12
3194;80;2023/2/24;-7;-8
3195;80;2023/2/25;-3;-2
3196;80;2023/2/26;+2;+1
3197;80;2023/2/27;-4;-8
3198;80;2023/2/28;-3;-5
3199;81;2023/3/1;+7;0
3200;81;2023/3/2;+9;+6
3201;81;2023/3/3;+3;0
3202;81;2023/3/4;-3;-5
3203;81;2023/3/5;0;0
3204;81;2023/3/6;0;-4
3205;81;2023/3/7;+2;+1
3206;81;2023/3/8;+2;
3207;81;2023/2/1;-9;-17
3208;81;2023/2/2;-8;-20
3209;81;2023/2/3;-12;-20
3210;81;2023/2/4;-10;-21
3211;81;2023/2/5;-10;-21
3212;81;2023/2/6;-9;-9
3213;81;2023/2/7;-3;-4
3214;81;2023/2/8;-10;-24
3215;81;2023/2/9;-16;-27
3216;81;2023/2/10;-15;-24
3217;81;2023/2/11;-16;-24
3218;81;2023/2/12;-9;-13
3219;81;2023/2/13;-12;-14
3220;81;2023/2/14;-11;-27
3221;81;2023/2/15;-10;-15
3222;81;2023/2/16;-10;-24
3223;81;2023/2/17;-10;-15
3224;81;2023/2/18;-5;-11
3225;81;2023/2/19;-5;-8
3226;81;2023/2/20;-2;-13
3227;81;2023/2/21;0;-2
3228;81;2023/2/22;+2;-5
3229;81;2023/2/23;+5;+1
3230;81;2023/2/24;+7;+3
3231;81;2023/2/25;-4;-6
3232;81;2023/2/26;-7;-13
3233;81;2023/2/27;-2;-6
3234;81;2023/2/28;-2;-6
3235;82;2023/3/1;-5;-7
3236;82;2023/3/2;-7;-9
3237;82;2023/3/3;-12;-12
3238;82;2023/3/4;-1;-3
3239;82;2023/3/5;-1;-2
3240;82;2023/3/6;-3;-5
3241;82;2023/3/7;-3;-6
3242;82;2023/3/8;-3;
3243;82;2023/2/1;-2;-6
3244;82;2023/2/2;-5;-9
3245;82;2023/2/3;-6;-7
3246;82;2023/2/4;-5;-9
3247;82;2023/2/5;-7;-10
3248;82;2023/2/6;-8;-9
3249;82;2023/2/7;-8;-11
3250;82;2023/2/8;-10;-12
3251;82;2023/2/9;-10;-10
3252;82;2023/2/10;-8;-8
3253;82;2023/2/11;-2;-9
3254;82;2023/2/12;-6;-10
3255;82;2023/2/13;-7;-8
3256;82;2023/2/14;-3;-10
3257;82;2023/2/15;-11;-14
3258;82;2023/2/16;-8;-11
3259;82;2023/2/17;-9;-14
3260;82;2023/2/18;-12;-16
3261;82;2023/2/19;-13;-17
3262;82;2023/2/20;-13;-14
3263;82;2023/2/21;-13;-12
3264;82;2023/2/22;-6;-8
3265;82;2023/2/23;-8;-11
3266;82;2023/2/24;-13;-16
3267;82;2023/2/25;-6;-8
3268;82;2023/2/26;0;-2
3269;82;2023/2/27;+1;0
3270;82;2023/2/28;-4;-5
3271;83;2023/3/1;-5;-7
3272;83;2023/3/2;-5;-9
3273;83;2023/3/3;-4;-3
3274;83;2023/3/4;0;-1
3275;83;2023/3/5;+1;-1
3276;83;2023/3/6;-1;-3
3277;83;2023/3/7;-2;-9
3278;83;2023/2/1;-5;-11
3279;83;2023/2/2;-5;-6
3280;83;2023/2/3;-4;-7
3281;83;2023/2/4;-6;-10
3282;83;2023/2/5;-9;-12
3283;83;2023/2/6;-9;-16
3284;83;2023/2/7;-10;-19
3285;83;2023/2/8;-10;-10
3286;83;2023/2/9;-5;-6
3287;83;2023/2/10;-5;-7
3288;83;2023/2/11;-4;-4
3289;83;2023/2/12;-6;-7
3290;83;2023/2/13;-4;-3
3291;83;2023/2/14;-4;-9
3292;83;2023/2/15;-8;-12
3293;83;2023/2/16;-1;-4
3294;83;2023/2/17;-5;-13
3295;83;2023/2/18;-8;-16
3296;83;2023/2/19;-14;-18
3297;83;2023/2/20;-14;-14
3298;83;2023/2/21;-5;-8
3299;83;2023/2/22;-5;-6
3300;83;2023/2/23;-10;-12
3301;83;2023/2/24;-10;-12
3302;83;2023/2/25;-6;-3
3303;83;2023/2/26;+2;+1
3304;83;2023/2/27;+1;-3
3305;83;2023/2/28;-2;-3
3306;84;2023/3/1;-1;-2
3307;84;2023/3/2;-5;-8
3308;84;2023/3/3;-10;-11
3309;84;2023/3/4;-9;-9
3310;84;2023/3/5;-3;-5
3311;84;2023/3/6;0;-3
3312;84;2023/3/7;-3;-4
3313;84;2023/3/8;-3;
3314;84;2023/2/1;-10;-8
3315;84;2023/2/2;-5;-6
3316;84;2023/2/3;-4;-9
3317;84;2023/2/4;-5;-12
3318;84;2023/2/5;-8;-10
3319;84;2023/2/6;-14;-18
3320;84;2023/2/7;-13;-17
3321;84;2023/2/8;-18;-23
3322;84;2023/2/9;-15;-16
3323;84;2023/2/10;-7;-15
3324;84;2023/2/11;-16;-23
3325;84;2023/2/12;-16;-20
3326;84;2023/2/13;-14;-15
3327;84;2023/2/14;-16;-21
3328;84;2023/2/15;-15;-15
3329;84;2023/2/16;-15;-21
3330;84;2023/2/17;-13;-14
3331;84;2023/2/18;-12;-13
3332;84;2023/2/19;-14;-16
3333;84;2023/2/20;-8;-9
3334;84;2023/2/21;-6;-5
3335;84;2023/2/22;+1;0
3336;84;2023/2/23;-2;-1
3337;84;2023/2/24;-13;-12
3338;84;2023/2/25;-13;-14
3339;84;2023/2/26;-5;-7
3340;84;2023/2/27;-5;-4
3341;84;2023/2/28;+1;-1
3342;85;2023/3/1;+6;+1
3343;85;2023/3/2;+2;+1
3344;85;2023/3/3;+7;+3
3345;85;2023/3/4;+7;+3
3346;85;2023/3/5;+8;+3
3347;85;2023/3/6;+3;-1
3348;85;2023/3/7;+8;+6
3349;85;2023/2/1;+3;+1
3350;85;2023/2/2;+1;-1
3351;85;2023/2/3;+1;-3
3352;85;2023/2/4;+1;0
3353;85;2023/2/5;-1;-1
3354;85;2023/2/6;-4;-8
3355;85;2023/2/7;-5;-6
3356;85;2023/2/8;-4;-8
3357;85;2023/2/9;-5;-7
3358;85;2023/2/10;-3;-7
3359;85;2023/2/11;-1;-6
3360;85;2023/2/12;0;-1
3361;85;2023/2/13;-3;-6
3362;85;2023/2/14;0;0
3363;85;2023/2/15;-3;-7
3364;85;2023/2/16;-5;-8
3365;85;2023/2/17;-2;-7
3366;85;2023/2/18;-5;+1
3367;85;2023/2/19;+5;+1
3368;85;2023/2/20;0;-1
3369;85;2023/2/21;+1;+2
3370;85;2023/2/22;-4;-9
3371;85;2023/2/23;-6;-9
3372;85;2023/2/24;-2;-5
3373;85;2023/2/25;+2;+2
3374;85;2023/2/26;+10;+9
3375;85;2023/2/27;+15;+10
3376;85;2023/2/28;+4;+2
3377;86;2023/3/1;+2;0
3378;86;2023/3/2;+4;+3
3379;86;2023/3/3;+3;+2
3380;86;2023/3/4;+2;-3
3381;86;2023/3/5;-5;-10
3382;86;2023/3/6;-5;-6
3383;86;2023/3/7;-6;-3
3384;86;2023/3/8;-4;
3385;86;2023/2/1;-17;-15
3386;86;2023/2/2;-12;-13
3387;86;2023/2/3;-10;-10
3388;86;2023/2/4;-8;-16
3389;86;2023/2/5;-10;-13
3390;86;2023/2/6;-8;-11
3391;86;2023/2/7;-12;-15
3392;86;2023/2/8;-16;-17
3393;86;2023/2/9;-11;-10
3394;86;2023/2/10;-13;-21
3395;86;2023/2/11;-14;-16
3396;86;2023/2/12;-9;-12
3397;86;2023/2/13;-16;-14
3398;86;2023/2/14;-10;-14
3399;86;2023/2/15;-13;-15
3400;86;2023/2/16;-15;-18
3401;86;2023/2/17;-12;-10
3402;86;2023/2/18;-6;-11
3403;86;2023/2/19;-16;-15
3404;86;2023/2/20;-11;-9
3405;86;2023/2/21;-8;-11
3406;86;2023/2/22;-10;-13
3407;86;2023/2/23;-16;-14
3408;86;2023/2/24;-8;-8
3409;86;2023/2/25;-5;-2
3410;86;2023/2/26;-4;-7
3411;86;2023/2/27;-8;-10
3412;86;2023/2/28;-9;-9
3413;87;2023/3/1;-4;-8
3414;87;2023/3/2;-6;-10
3415;87;2023/3/3;-13;-17
3416;87;2023/3/4;-15;-17
3417;87;2023/3/5;-8;-8
3418;87;2023/3/6;-4;-7
3419;87;2023/3/7;-13;-19
3420;87;2023/3/8;-18;
3421;87;2023/2/1;-5;-4
3422;87;2023/2/2;-8;-10
3423;87;2023/2/3;-12;-14
3424;87;2023/2/4;-16;-15
3425;87;2023/2/5;-15;-20
3426;87;2023/2/6;-15;-18
3427;87;2023/2/7;-18;-23
3428;87;2023/2/8;-21;-17
3429;87;2023/2/9;-7;-5
3430;87;2023/2/10;-14;-10
3431;87;2023/2/11;-8;-7
3432;87;2023/2/12;-11;-14
3433;87;2023/2/13;-10;-11
3434;87;2023/2/14;-15;-14
3435;87;2023/2/15;-14;-14
3436;87;2023/2/16;-12;-14
3437;87;2023/2/17;-12;-14
3438;87;2023/2/18;-13;-14
3439;87;2023/2/19;-15;-17
3440;87;2023/2/20;-17;-21
3441;87;2023/2/21;-13;-13
3442;87;2023/2/22;0;0
3443;87;2023/2/23;-5;-6
3444;87;2023/2/24;-3;-7
3445;87;2023/2/25;-14;-14
3446;87;2023/2/26;-12;-15
3447;87;2023/2/27;-5;-5
3448;87;2023/2/28;-2;-8
3449;88;2023/3/1;-11;-16
3450;88;2023/3/2;-10;-10
3451;88;2023/3/3;-20;-21
3452;88;2023/3/4;-21;-27
3453;88;2023/3/5;-23;-28
3454;88;2023/3/6;-20;-22
3455;88;2023/3/7;-24;-27
3456;88;2023/3/8;-26;
3457;88;2023/2/1;-11;-11
3458;88;2023/2/2;-8;-7
3459;88;2023/2/3;-8;-10
3460;88;2023/2/4;-12;-12
3461;88;2023/2/5;-17;
3462;88;2023/2/6;-22;-23
3463;88;2023/2/7;-27;-31
3464;88;2023/2/8;-19;-17
3465;88;2023/2/9;-17;-20
3466;88;2023/2/10;-13;-9
3467;88;2023/2/11;;-6
3468;88;2023/2/12;-12;
3469;88;2023/2/13;-12;-14
3470;88;2023/2/14;-14;-17
3471;88;2023/2/15;-19;-20
3472;88;2023/2/16;-10;-6
3473;88;2023/2/17;-5;-4
3474;88;2023/2/18;-12;-18
3475;88;2023/2/19;-20;-23
3476;88;2023/2/20;-23;-26
3477;88;2023/2/21;-22;-24
3478;88;2023/2/22;-14;-8
3479;88;2023/2/23;-4;
3480;88;2023/2/24;-3;-5
3481;88;2023/2/25;-10;
3482;88;2023/2/26;-21;-25
3483;88;2023/2/27;-22;-22
3484;88;2023/2/28;-11;-11
3485;89;2023/3/1;+4;+3
3486;89;2023/3/2;+6;+7
3487;89;2023/3/3;+1;0
3488;89;2023/3/4;-5;-6
3489;89;2023/3/5;-2;-4
3490;89;2023/3/6;-2;-2
3491;89;2023/3/7;+1;-2
3492;89;2023/3/8;+2;
3493;89;2023/2/1;-9;-15
3494;89;2023/2/2;-12;-17
3495;89;2023/2/3;-12;-16
3496;89;2023/2/4;-12;-17
3497;89;2023/2/5;-14;-18
3498;89;2023/2/6;-11;-14
3499;89;2023/2/7;-3;-6
3500;89;2023/2/8;-9;-13
3501;89;2023/2/9;-16;-21
3502;89;2023/2/10;-17;-20
3503;89;2023/2/11;-15;-20
3504;89;2023/2/12;-11;-13
3505;89;2023/2/13;-8;-14
3506;89;2023/2/14;-11;-17
3507;89;2023/2/15;-12;-17
3508;89;2023/2/16;-14;-16
3509;89;2023/2/17;-8;-14
3510;89;2023/2/18;-8;-10
3511;89;2023/2/19;-3;-7
3512;89;2023/2/20;-2;-8
3513;89;2023/2/21;-1;-1
3514;89;2023/2/22;+1;-4
3515;89;2023/2/23;+3;+1
3516;89;2023/2/24;+5;+5
3517;89;2023/2/25;-3;-5
3518;89;2023/2/26;-10;-10
3519;89;2023/2/27;-4;-5
3520;89;2023/2/28;+2;-1
3521;90;2023/3/1;-4;-13
3522;90;2023/3/2;;-13
3523;90;2023/3/3;-4;-15
3524;90;2023/3/4;-6;-7
3525;90;2023/3/5;+3;+2
3526;90;2023/3/6;+3;-3
3527;90;2023/3/7;+1;-7
3528;90;2023/3/8;-1;
3529;90;2023/2/1;-17;-29
3530;90;2023/2/2;-21;-29
3531;90;2023/2/3;-19;-28
3532;90;2023/2/4;-19;-27
3533;90;2023/2/5;-18;
3534;90;2023/2/6;-17;-28
3535;90;2023/2/7;-17;
3536;90;2023/2/8;-16;-28
3537;90;2023/2/9;-19;-24
3538;90;2023/2/10;-16;-25
3539;90;2023/2/11;-13;
3540;90;2023/2/12;-13;-18
3541;90;2023/2/13;-11;-18
3542;90;2023/2/14;-14;-18
3543;90;2023/2/15;-15;-19
3544;90;2023/2/16;-14;-22
3545;90;2023/2/17;-11;-21
3546;90;2023/2/18;-11;-13
3547;90;2023/2/19;-9;-13
3548;90;2023/2/20;-8;-21
3549;90;2023/2/21;-12;-21
3550;90;2023/2/22;;-18
3551;90;2023/2/23;-8;-17
3552;90;2023/2/24;-10;-13
3553;90;2023/2/25;-12;-20
3554;90;2023/2/26;-8;-11
3555;90;2023/2/27;-5;-8
3556;90;2023/2/28;-2;
3557;91;2023/3/1;+8;+1
3558;91;2023/3/2;+4;-4
3559;91;2023/3/3;+10;+4
3560;91;2023/3/4;+7;+5
3561;91;2023/3/5;+13;+8
3562;91;2023/3/6;+4;+2
3563;91;2023/3/7;+12;+7
3564;91;2023/2/1;+6;+3
3565;91;2023/2/2;+2;-1
3566;91;2023/2/3;+6;+3
3567;91;2023/2/4;+2;0
3568;91;2023/2/5;+3;0
3569;91;2023/2/6;-2;-3
3570;91;2023/2/7;-8;-6
3571;91;2023/2/8;-7;-8
3572;91;2023/2/9;-4;-14
3573;91;2023/2/10;0;-13
3574;91;2023/2/11;-2;-3
3575;91;2023/2/12;+4;+2
3576;91;2023/2/13;-3;-6
3577;91;2023/2/14;+2;+1
3578;91;2023/2/15;0;-1
3579;91;2023/2/16;-1;-4
3580;91;2023/2/17;-1;-1
3581;91;2023/2/18;+6;+3
3582;91;2023/2/19;+8;+5
3583;91;2023/2/20;+7;0
3584;91;2023/2/21;+9;+6
3585;91;2023/2/22;+6;+1
3586;91;2023/2/23;0;-6
3587;91;2023/2/24;+4;-1
3588;91;2023/2/25;+11;+5
3589;91;2023/2/26;+16;+9
3590;91;2023/2/27;+21;+10
3591;91;2023/2/28;+18;+9
3592;92;2023/3/1;-2;-6
3593;92;2023/3/2;-2;-6
3594;92;2023/3/3;-1;-2
3595;92;2023/3/4;+1;0
3596;92;2023/3/5;0;-3
3597;92;2023/3/6;+1;-2
3598;92;2023/3/7;+1;-6
3599;92;2023/2/1;-8;-13
3600;92;2023/2/2;-8;-7
3601;92;2023/2/3;-7;-9
3602;92;2023/2/4;-7;-14
3603;92;2023/2/5;;-15
3604;92;2023/2/6;-8;-17
3605;92;2023/2/7;-8;-13
3606;92;2023/2/8;-8;-9
3607;92;2023/2/9;-4;-6
3608;92;2023/2/10;-5;-7
3609;92;2023/2/11;-3;-9
3610;92;2023/2/12;-6;-7
3611;92;2023/2/13;-1;-5
3612;92;2023/2/14;;-8
3613;92;2023/2/15;-9;-10
3614;92;2023/2/16;-3;-3
3615;92;2023/2/17;-4;-8
3616;92;2023/2/18;-6;-9
3617;92;2023/2/19;-10;-15
3618;92;2023/2/20;-11;-10
3619;92;2023/2/21;-3;-5
3620;92;2023/2/22;-5;-10
3621;92;2023/2/23;-9;-14
3622;92;2023/2/24;-7;-9
3623;92;2023/2/25;-3;-2
3624;92;2023/2/26;+2;+1
3625;92;2023/2/27;+4;+1
3626;92;2023/2/28;-1;-5
3627;93;2023/3/1;-5;-4
3628;93;2023/3/2;-2;-3
3629;93;2023/3/3;+1;-1
3630;93;2023/3/4;+1;-2
3631;93;2023/3/5;-3;-5
3632;93;2023/3/6;0;-5
3633;93;2023/3/7;-1;-5
3634;93;2023/2/1;+1;-2
3635;93;2023/2/2;-1;-2
3636;93;2023/2/3;-1;-2
3637;93;2023/2/4;0;-2
3638;93;2023/2/5;-5;-7
3639;93;2023/2/6;-8;-8
3640;93;2023/2/7;-6;-7
3641;93;2023/2/8;-2;-3
3642;93;2023/2/9;-1;-2
3643;93;2023/2/10;-1;-2
3644;93;2023/2/11;-2;-4
3645;93;2023/2/12;-6;-14
3646;93;2023/2/13;-1;0
3647;93;2023/2/14;-1;-2
3648;93;2023/2/15;-3;-5
3649;93;2023/2/16;-6;-13
3650;93;2023/2/17;-4;-6
3651;93;2023/2/18;-3;-5
3652;93;2023/2/19;-7;-8
3653;93;2023/2/20;-8;-14
3654;93;2023/2/21;-14;-16
3655;93;2023/2/22;-14;-15
3656;93;2023/2/23;-10;-17
3657;93;2023/2/24;-4;-7
3658;93;2023/2/25;-2;-2
3659;93;2023/2/26;+2;0
3660;93;2023/2/27;-7;-8
3661;93;2023/2/28;-2;-5
3662;94;2023/3/1;+9;+5
3663;94;2023/3/2;+5;+2
3664;94;2023/3/3;+10;+6
3665;94;2023/3/4;+7;+6
3666;94;2023/3/5;+13;+7
3667;94;2023/3/6;+6;+2
3668;94;2023/3/7;+10;+5
3669;94;2023/2/1;+4;+3
3670;94;2023/2/2;+2;-1
3671;94;2023/2/3;+3;+1
3672;94;2023/2/4;-1;-2
3673;94;2023/2/5;-1;-2
3674;94;2023/2/6;-4;-5
3675;94;2023/2/7;-7;-8
3676;94;2023/2/8;-4;-9
3677;94;2023/2/9;-7;-13
3678;94;2023/2/10;-3;-13
3679;94;2023/2/11;+5;-3
3680;94;2023/2/12;+2;-5
3681;94;2023/2/13;-2;-6
3682;94;2023/2/14;+3;+2
3683;94;2023/2/15;+1;-2
3684;94;2023/2/16;-1;-5
3685;94;2023/2/17;-2;-3
3686;94;2023/2/18;+5;0
3687;94;2023/2/19;+8;+5
3688;94;2023/2/20;+7;+1
3689;94;2023/2/21;+5;+1
3690;94;2023/2/22;+6;+2
3691;94;2023/2/23;-2;-4
3692;94;2023/2/24;+1;-3
3693;94;2023/2/25;+4;-3
3694;94;2023/2/26;+17;+8
3695;94;2023/2/27;+19;+7
3696;94;2023/2/28;+21;+11
3697;95;2023/3/1;-2;-5
3698;95;2023/3/2;-1;-3
3699;95;2023/3/3;+2;+1
3700;95;2023/3/4;+2;+1
3701;95;2023/3/5;+1;-1
3702;95;2023/3/6;+2;-2
3703;95;2023/3/7;+1;-1
3704;95;2023/2/1;-4;-7
3705;95;2023/2/2;-6;-6
3706;95;2023/2/3;-2;-4
3707;95;2023/2/4;-5;-7
3708;95;2023/2/5;-7;-13
3709;95;2023/2/6;-9;-14
3710;95;2023/2/7;-10;-12
3711;95;2023/2/8;-6;-9
3712;95;2023/2/9;-5;-5
3713;95;2023/2/10;-5;-5
3714;95;2023/2/11;-3;-6
3715;95;2023/2/12;-5;-4
3716;95;2023/2/13;-3;-5
3717;95;2023/2/14;-6;-6
3718;95;2023/2/15;-7;-9
3719;95;2023/2/16;-9;-9
3720;95;2023/2/17;-6;-11
3721;95;2023/2/18;-4;-7
3722;95;2023/2/19;-8;-11
3723;95;2023/2/20;-4;-2
3724;95;2023/2/21;-1;-3
3725;95;2023/2/22;-9;-10
3726;95;2023/2/23;-12;-13
3727;95;2023/2/24;-5;-7
3728;95;2023/2/25;-3;-2
3729;95;2023/2/26;+1;+3
3730;95;2023/2/27;+4;+2
3731;95;2023/2/28;-2;-4
3732;96;2023/3/1;-5;-8
3733;96;2023/3/2;-5;-11
3734;96;2023/3/3;-5;-4
3735;96;2023/3/4;0;-1
3736;96;2023/3/5;0;-2
3737;96;2023/3/6;-2;-4
3738;96;2023/3/7;-3;-7
3739;96;2023/3/8;-3;
3740;96;2023/2/1;-4;-8
3741;96;2023/2/2;-6;-6
3742;96;2023/2/3;-3;-6
3743;96;2023/2/4;-6;-9
3744;96;2023/2/5;-9;-11
3745;96;2023/2/6;-12;-10
3746;96;2023/2/7;-13;-15
3747;96;2023/2/8;-12;-9
3748;96;2023/2/9;-5;-6
3749;96;2023/2/10;-5;-7
3750;96;2023/2/11;-4;-5
3751;96;2023/2/12;-7;-7
3752;96;2023/2/13;-5;-4
3753;96;2023/2/14;-4;-7
3754;96;2023/2/15;-9;-12
3755;96;2023/2/16;-6;-7
3756;96;2023/2/17;-7;-11
3757;96;2023/2/18;-12;-14
3758;96;2023/2/19;-16;-20
3759;96;2023/2/20;-16;-15
3760;96;2023/2/21;-9;-9
3761;96;2023/2/22;-7;-7
3762;96;2023/2/23;-10;-13
3763;96;2023/2/24;-12;-12
3764;96;2023/2/25;-6;-4
3765;96;2023/2/26;+1;0
3766;96;2023/2/27;0;-3
3767;96;2023/2/28;-3;-4
3768;97;2023/3/1;+8;+7
3769;97;2023/3/2;+12;+6
3770;97;2023/3/3;+13;+8
3771;97;2023/3/4;+7;+8
3772;97;2023/3/5;+10;+10
3773;97;2023/3/6;+6;+5
3774;97;2023/3/7;+9;+9
3775;97;2023/2/1;+9;+6
3776;97;2023/2/2;+9;+5
3777;97;2023/2/3;+5;+6
3778;97;2023/2/4;+4;+5
3779;97;2023/2/5;+7;+5
3780;97;2023/2/6;+3;+1
3781;97;2023/2/7;-3;-3
3782;97;2023/2/8;0;-3
3783;97;2023/2/9;+3;0
3784;97;2023/2/10;+10;+5
3785;97;2023/2/11;+6;+2
3786;97;2023/2/12;+5;+6
3787;97;2023/2/13;+5;-1
3788;97;2023/2/14;+3;+3
3789;97;2023/2/15;+5;0
3790;97;2023/2/16;+5;0
3791;97;2023/2/17;+2;+5
3792;97;2023/2/18;+6;+7
3793;97;2023/2/19;+7;+7
3794;97;2023/2/20;+8;+2
3795;97;2023/2/21;+4;+3
3796;97;2023/2/22;+11;+6
3797;97;2023/2/23;+3;0
3798;97;2023/2/24;+7;+5
3799;97;2023/2/25;+11;+11
3800;97;2023/2/26;+12;+16
3801;97;2023/2/27;+15;+15
3802;97;2023/2/28;+15;+11
3803;98;2023/3/1;+1;+1
3804;98;2023/3/2;+4;+2
3805;98;2023/3/3;+4;-1
3806;98;2023/3/4;+1;-2
3807;98;2023/3/5;+1;-5
3808;98;2023/3/6;-1;-3
3809;98;2023/3/7;-1;-7
3810;98;2023/2/1;+2;0
3811;98;2023/2/2;+1;0
3812;98;2023/2/3;-2;-4
3813;98;2023/2/4;-3;-3
3814;98;2023/2/5;-3;-5
3815;98;2023/2/6;-2;-1
3816;98;2023/2/7;-1;-3
3817;98;2023/2/8;0;0
3818;98;2023/2/9;0;-4
3819;98;2023/2/10;0;0
3820;98;2023/2/11;0;-1
3821;98;2023/2/12;-1;-2
3822;98;2023/2/13;+3;+4
3823;98;2023/2/14;+2;-1
3824;98;2023/2/15;+2;0
3825;98;2023/2/16;0;-3
3826;98;2023/2/17;-2;-3
3827;98;2023/2/18;-2;-3
3828;98;2023/2/19;0;-1
3829;98;2023/2/20;-3;-4
3830;98;2023/2/21;-4;-12
3831;98;2023/2/22;-9;-15
3832;98;2023/2/23;-6;-7
3833;98;2023/2/24;-1;-1
3834;98;2023/2/25;+2;0
3835;98;2023/2/26;-4;-5
3836;98;2023/2/27;-6;-7
3837;98;2023/2/28;+1;+1
3838;99;2023/3/1;+5;+1
3839;99;2023/3/2;+4;+1
3840;99;2023/3/3;+8;+1
3841;99;2023/3/4;+7;+2
3842;99;2023/3/5;+6;+2
3843;99;2023/3/6;+5;-1
3844;99;2023/3/7;+8;+4
3845;99;2023/2/1;+1;-1
3846;99;2023/2/2;-1;-2
3847;99;2023/2/3;-1;-1
3848;99;2023/2/4;+1;-2
3849;99;2023/2/5;0;-2
3850;99;2023/2/6;-4;-7
3851;99;2023/2/7;-7;-6
3852;99;2023/2/8;-6;-9
3853;99;2023/2/9;-5;-11
3854;99;2023/2/10;-3;-11
3855;99;2023/2/11;0;-6
3856;99;2023/2/12;0;-3
3857;99;2023/2/13;-3;-3
3858;99;2023/2/14;+1;-1
3859;99;2023/2/15;-3;-5
3860;99;2023/2/16;-4;-7
3861;99;2023/2/17;-1;-6
3862;99;2023/2/18;-5;+2
3863;99;2023/2/19;+4;+1
3864;99;2023/2/20;+3;-1
3865;99;2023/2/21;+4;+2
3866;99;2023/2/22;-3;-6
3867;99;2023/2/23;-5;-9
3868;99;2023/2/24;-1;-5
3869;99;2023/2/25;+3;+2
3870;99;2023/2/26;+10;+8
3871;99;2023/2/27;+13;+9
3872;99;2023/2/28;+2;+1
